transaction_amount,account_age_days,transactions_last_24h,international_transaction,unusual_device,unusual_location,failed_login_attempts,distance_from_home_km,fraud
87.73,2138,5,1,1,0,0,13.84,0
26.15,3857,4,1,0,0,1,20.4,0
131.03,304,11,1,0,0,0,47.37,1
155.48,3268,4,0,0,0,0,32.1,0
11.52,2170,5,1,0,0,1,7.94,0
20.66,2902,8,0,0,0,0,73.49,1
74.82,413,6,1,0,0,0,77.28,1
50.17,3480,3,0,0,0,0,56.76,0
65.69,75,6,0,0,0,0,46.06,1
30.95,3630,5,0,0,0,0,15.07,0
147.15,2641,3,0,0,1,1,96.67,1
134.29,1369,5,0,0,0,0,27.58,0
70.77,58,4,0,0,0,0,2.9,0
183.92,2455,2,0,0,0,1,19.28,0
101.57,377,3,0,1,0,1,30.71,0
30.77,2446,8,0,0,0,0,42.89,0
92.93,3099,5,0,0,0,1,38.16,0
28.13,1091,6,0,0,1,0,31.15,0
147.03,977,6,0,0,0,0,36.84,0
63.76,911,3,0,0,0,1,37.06,1
56.47,922,4,0,0,0,0,16.09,0
36.13,482,2,0,0,0,0,89.04,0
200.39,1021,7,0,0,0,0,57.27,1
58.03,2647,6,1,0,0,0,25.01,0
45.35,1230,7,0,0,0,0,43.73,0
48.57,3130,6,0,0,0,0,34.21,0
107.67,3282,3,0,0,0,1,70.29,1
92.66,3050,4,1,0,0,0,98.02,1
96.69,2171,6,0,0,0,0,20.5,1
98.27,1285,4,0,1,0,0,13.03,1
458.28,3721,3,0,0,0,0,67.19,1
46.26,844,5,0,0,0,1,59.65,1
42.06,1874,6,0,0,0,1,10.92,0
32.06,1830,3,1,0,0,0,31.97,1
116.09,2989,5,1,0,0,0,43.76,0
184.21,2200,2,0,0,0,0,42.41,0
60.19,3204,5,0,0,0,2,7.25,0
31.31,3678,8,0,0,0,0,21.51,0
31.75,1580,7,1,0,0,1,60.58,1
119.77,3503,6,1,1,1,1,33.1,0
130.18,703,1,0,0,1,0,55.87,0
108.73,3666,2,0,0,0,0,12.88,0
36.64,736,3,0,0,0,0,8.46,0
82.18,3405,9,0,0,0,0,23.04,0
74.07,1579,5,0,0,0,0,28.7,0
81.19,3859,4,0,0,0,1,45.38,0
146.1,542,6,0,0,1,0,22.9,1
81.55,1878,3,0,0,1,0,29.31,1
122.86,3610,7,1,0,0,0,7.28,1
70.87,218,4,0,0,1,0,11.34,0
86.51,1082,6,0,0,0,0,35.66,0
117.7,361,5,0,0,0,1,56.01,1
17.97,1305,8,0,0,0,1,57.51,1
50.01,1579,3,0,0,0,0,2.73,0
43.67,2486,3,1,0,0,0,8.9,0
37.53,1053,5,0,0,0,1,28.34,0
52.06,659,3,0,0,0,2,9.81,1
256.07,704,5,0,0,0,0,8.89,0
30.59,3755,5,0,0,0,0,7.51,1
159.41,3814,6,1,0,0,0,94.5,1
14.66,908,3,0,0,0,0,5.92,0
49.33,805,6,0,0,0,0,19.42,0
77.21,245,5,0,0,0,1,28.44,0
113.02,3838,5,1,0,0,0,37.52,0
126.48,2833,7,0,0,0,0,4.21,0
136.18,3050,5,0,0,0,1,61.78,1
48.72,1183,6,0,0,0,1,23.06,1
43.99,2574,6,0,0,0,2,11.12,0
144.34,267,3,0,0,0,1,13.85,0
56.14,2713,9,1,0,0,0,40.25,0
21.16,2331,3,0,0,0,1,55.14,0
24.05,1345,5,0,0,0,0,59.87,0
29.15,2850,7,0,0,0,0,47.02,0
104.32,2596,5,0,0,0,0,15.78,0
75.81,1772,5,0,0,0,0,46.56,0
124.14,771,8,0,1,0,0,14.64,1
45.4,123,5,0,0,0,0,24.27,0
76.91,3752,4,0,1,0,0,100.1,1
117.1,1146,4,1,0,0,1,32.6,0
50.48,1228,3,0,0,0,2,51.29,1
100.59,2733,4,0,0,0,0,3.84,0
36.75,1043,6,0,0,0,0,31.7,1
48.1,1521,5,0,0,0,1,2.9,0
47.3,2853,4,0,0,0,0,19.44,0
22.73,2393,3,0,0,0,0,24.28,0
103.37,2636,6,1,0,0,0,18.23,1
43.71,48,5,0,0,0,0,45.51,0
67.44,1821,3,0,0,0,0,22.91,0
102.79,1916,6,0,0,0,1,48.55,0
99.67,2540,4,0,0,0,0,29.33,0
121.37,631,6,0,0,0,0,30.32,1
61.03,663,8,0,0,0,0,39.14,0
45.56,3056,2,0,0,0,0,35.4,0
62.07,2703,4,1,0,0,0,29.54,0
14.61,3250,6,0,0,0,1,38.15,0
18.13,1104,4,0,0,0,0,24.9,1
20.28,3990,6,0,0,1,1,60.85,0
27.18,1113,5,0,0,0,0,33.8,1
95.56,2614,4,1,0,0,0,41.21,0
29.52,673,3,0,0,0,1,4.49,0
47.45,3676,5,0,0,0,0,1.29,0
214.71,1349,4,0,0,0,0,49.1,0
48.39,3215,6,0,0,0,1,5.98,0
129.51,1345,5,0,0,1,0,62.88,1
28.78,3169,4,1,0,0,0,70.69,0
55.43,1833,6,0,0,1,0,63.8,0
28.36,278,9,0,0,0,0,39.51,1
49.15,785,2,0,0,0,0,3.53,0
142.06,2743,4,0,0,1,0,3.42,0
14.09,796,7,0,0,0,0,7.18,0
98.59,1123,5,0,0,0,1,15.3,0
82.6,2180,6,0,0,0,0,54.95,1
39.07,1034,6,0,0,0,0,21.04,0
18.15,541,5,1,0,0,0,65.41,0
71.16,2508,2,0,0,0,0,17.89,0
41.41,2764,9,0,0,0,0,134.33,1
82.22,2940,4,0,0,0,0,77.58,0
68.01,3777,3,0,0,0,0,19.8,0
281.91,524,1,0,0,1,1,13.65,0
53.76,1724,7,0,1,0,0,78.26,1
26.55,958,6,0,0,0,0,10.78,0
78.36,3607,5,0,0,1,0,18.54,1
81.29,2172,2,0,0,0,1,10.6,0
226.62,420,2,1,0,0,0,35.41,0
141.4,2777,5,0,0,0,0,68.53,0
91.94,200,4,0,0,0,0,20.43,0
248.88,1118,6,0,0,0,0,58.97,0
22.88,2893,8,0,0,0,1,37.31,1
37.5,2038,3,0,0,1,0,10.29,1
28.96,3051,2,0,0,0,0,19.09,0
46.95,2297,3,0,0,0,1,6.77,0
19.32,3376,3,0,1,0,0,94.15,1
118.11,2263,6,0,0,0,0,32.75,1
54.6,255,3,0,0,0,0,28.91,0
17.75,312,3,0,0,0,0,32.13,0
26.74,3114,4,0,0,0,1,13.32,1
88.43,183,5,0,0,0,1,21.21,1
141.79,1524,5,0,1,1,1,39.24,1
402.24,93,4,0,0,0,0,5.03,0
918.26,1234,5,0,0,0,1,2.54,0
96.83,2392,3,0,0,0,0,17.57,0
27.37,716,3,1,0,0,1,15.16,0
9.79,1880,7,0,0,1,1,71.65,1
84.85,3984,6,0,1,0,0,13.29,1
32.08,309,11,0,0,0,0,39.94,0
45.89,282,7,0,0,0,0,15.11,0
38.44,1106,3,0,0,0,0,38.16,0
58.75,3313,5,0,0,0,1,33.22,0
174.06,1641,7,1,0,0,0,84.34,0
76.81,2568,5,1,0,0,0,12.13,0
57.81,164,1,1,0,0,0,12.18,0
26.26,2948,5,0,0,0,0,149.06,0
14.77,297,5,0,0,0,0,66.78,0
43.05,2855,2,0,0,0,0,18.83,0
63.54,617,4,0,0,0,0,12.81,0
327.39,3437,4,0,0,0,2,11.19,0
74.98,1205,5,0,1,0,0,64.73,1
161.49,759,5,0,0,0,0,16.17,0
42.55,1366,7,0,0,0,0,13.67,0
22.96,33,4,0,1,0,0,13.34,0
27.98,685,10,0,0,0,0,44.59,1
34.72,2406,6,0,0,0,1,23.68,0
452.88,1224,8,0,0,0,0,66.26,1
31.84,1434,3,0,0,0,0,107.97,1
141.83,3234,6,0,0,0,0,33.27,0
29.59,521,6,1,0,0,0,36.02,1
154.23,1601,3,0,1,0,0,22.6,0
94.3,768,7,0,0,1,0,32.16,1
57.92,1946,5,0,0,0,0,3.78,0
64.28,1347,4,1,0,0,0,38.64,0
36.99,213,5,0,0,0,0,56.27,0
99.63,308,5,0,0,0,1,10.45,0
44.28,3413,3,0,0,0,0,95.59,0
22.13,255,5,0,0,0,1,17.89,1
21.11,3137,2,0,1,0,0,78.52,0
77.89,3666,10,0,0,0,0,47.6,1
276.22,1879,4,0,1,0,0,9.27,0
77.01,1269,4,0,0,0,0,63.62,1
59.93,3111,8,0,0,0,1,29.13,0
86.25,3929,1,0,0,1,0,41.58,0
216.03,508,6,0,0,0,0,23.09,0
81.24,3858,3,0,0,0,1,26.11,0
46.07,3776,3,0,0,0,1,5.14,0
180.49,596,5,0,0,0,1,44.0,0
98.09,247,4,0,0,0,0,28.57,0
265.65,2868,4,1,0,0,0,36.26,0
78.64,338,5,0,0,0,0,42.44,1
22.15,2415,1,0,0,0,0,40.11,0
19.47,287,6,0,0,0,0,45.36,0
294.66,2771,5,0,0,1,0,4.99,0
314.6,949,6,0,0,0,0,23.6,1
56.74,411,4,0,0,1,0,9.08,1
47.23,294,5,0,0,0,0,1.41,0
248.46,778,5,0,1,0,2,41.0,1
24.62,2176,4,0,0,0,0,106.56,0
29.81,334,3,1,0,0,3,1.79,1
118.98,3215,5,0,0,0,0,44.21,0
46.75,2428,6,1,0,0,1,21.46,0
66.38,1210,7,0,0,0,0,26.24,0
57.56,3946,2,0,1,0,2,43.13,1
90.36,2644,8,0,0,1,0,38.69,1
236.69,2697,4,0,0,0,1,23.07,0
72.35,720,5,0,0,0,0,17.94,0
119.05,2851,5,0,0,0,0,39.02,0
10.54,2249,2,0,0,0,0,2.65,0
63.83,3938,5,0,0,0,2,42.83,0
31.22,1927,3,0,0,0,0,21.54,0
22.27,2721,4,0,0,0,0,73.34,0
30.26,1384,10,0,0,0,0,28.11,1
49.37,189,6,0,0,0,1,70.77,0
152.07,537,2,0,0,0,2,11.66,0
20.21,3472,8,0,0,1,0,10.73,0
68.55,2960,5,1,0,0,1,14.69,0
43.13,1477,4,0,0,0,1,82.52,1
49.65,2800,6,0,1,0,0,27.2,0
164.43,47,4,0,0,1,0,17.31,0
108.23,177,4,0,0,0,0,38.48,0
222.22,2043,5,0,0,0,0,15.47,0
58.03,2511,4,0,0,1,0,38.13,0
35.65,3749,4,1,0,0,0,27.06,0
54.52,3045,3,0,0,0,0,16.74,0
82.95,1051,7,0,0,0,0,28.32,0
78.17,3266,6,0,0,0,2,28.35,1
25.13,1981,5,0,1,0,1,52.52,1
72.34,3309,3,1,0,0,0,8.64,0
81.89,719,3,0,0,0,0,19.24,0
642.73,134,8,1,0,1,1,33.77,1
361.1,259,7,0,0,0,1,13.93,0
30.94,3963,5,0,1,0,0,24.47,0
51.49,349,1,0,0,1,0,16.46,0
17.87,3759,2,0,0,0,0,20.79,0
39.19,2916,6,0,0,0,0,10.83,0
88.59,609,6,0,0,1,1,106.8,1
197.41,3460,3,0,0,0,0,2.85,0
34.6,602,6,0,0,0,1,16.37,1
37.01,598,7,0,1,0,1,27.97,1
9.65,2314,4,0,0,0,0,27.74,0
57.6,1174,3,0,0,0,0,65.36,1
25.63,1184,8,0,1,0,0,8.54,1
41.41,804,9,0,1,0,0,5.35,1
30.29,2442,6,0,0,0,0,18.47,0
61.26,136,5,0,0,0,0,28.0,0
13.71,1002,5,0,1,0,0,22.01,0
17.81,2227,3,1,0,0,0,55.83,0
453.19,1961,2,0,0,0,0,9.73,0
20.93,2808,8,0,0,0,0,16.95,0
24.85,888,6,0,1,0,0,42.38,0
348.36,2602,3,0,0,0,0,28.37,0
911.02,3046,7,0,0,0,0,66.32,1
23.23,1570,8,0,0,0,0,28.43,0
47.87,1049,6,0,0,0,0,8.42,0
90.69,2233,7,1,0,0,1,60.68,0
316.03,2328,5,1,0,0,0,55.94,1
27.44,403,5,0,0,0,0,38.1,0
53.48,2273,4,0,0,0,0,119.85,0
134.24,642,6,1,1,0,1,29.48,1
98.62,2288,6,0,0,0,1,31.28,0
47.53,3729,4,0,0,0,0,54.94,0
59.12,2162,5,1,0,0,0,35.02,0
19.35,3053,7,0,0,0,0,31.01,0
53.82,1259,5,0,0,1,0,5.21,0
52.47,3693,2,1,0,0,0,7.44,0
82.18,3256,7,0,0,1,0,7.42,1
40.46,3669,7,1,0,0,0,21.15,0
101.94,2974,4,0,0,0,0,68.56,0
165.91,2608,3,0,0,0,0,93.07,0
76.7,2114,5,0,1,0,1,74.96,1
91.52,3715,5,0,0,0,0,77.23,0
69.95,3397,4,1,1,0,0,12.52,0
66.69,1684,5,0,0,0,0,28.36,0
34.83,370,5,0,0,0,0,11.0,0
88.66,44,3,0,0,0,0,36.95,0
61.1,956,7,0,0,0,0,21.32,0
438.72,278,4,1,0,0,0,5.42,1
274.79,869,7,1,0,0,0,40.59,0
94.37,464,1,0,0,0,0,15.09,0
33.56,3924,5,1,0,0,0,26.07,0
24.5,408,5,0,0,0,0,18.09,0
194.81,2518,4,1,0,0,1,44.69,0
84.48,1426,7,0,0,0,0,31.92,1
102.73,721,3,0,0,1,1,28.07,1
13.87,2814,3,0,0,1,0,73.18,0
153.65,3883,5,0,0,0,1,19.17,0
100.38,3168,4,1,0,0,0,38.77,0
24.55,3901,3,0,0,0,0,19.76,0
43.62,2373,4,1,0,0,0,136.42,0
84.55,2704,6,0,0,0,0,62.32,0
69.91,611,5,0,0,0,0,89.47,1
51.27,3414,5,0,0,0,0,31.25,0
60.76,2999,6,0,0,0,0,64.15,0
53.16,1038,5,1,0,0,0,10.0,0
76.5,1438,10,0,0,0,0,8.42,0
250.72,2455,3,0,1,0,1,23.79,0
6.62,81,8,0,1,0,0,36.17,1
53.88,3277,3,1,0,0,0,68.93,0
78.17,1143,7,1,0,0,0,29.33,1
87.04,327,5,1,0,0,0,23.55,0
47.72,1342,5,0,0,1,0,51.21,1
13.72,3348,3,1,0,0,0,86.12,0
89.59,1118,5,0,0,0,1,53.73,1
315.64,2170,1,1,0,0,0,40.85,0
16.77,3253,6,0,0,0,0,63.78,0
145.1,163,6,0,1,1,0,60.34,1
49.62,3046,2,0,0,0,0,53.9,0
63.11,1176,6,0,1,0,0,61.38,0
25.85,2791,4,0,0,1,1,37.01,1
49.35,776,4,0,0,0,1,98.26,0
214.87,581,3,0,0,0,0,8.62,0
112.66,3159,5,1,0,1,1,46.15,1
317.06,3237,3,0,0,0,2,16.15,0
192.42,3925,3,0,1,0,0,34.27,0
99.01,2718,4,0,0,0,0,9.28,0
320.39,1879,3,0,0,0,0,20.79,0
99.0,803,5,0,1,0,1,23.22,1
140.5,1202,4,0,0,0,0,42.18,0
51.06,2602,8,0,0,0,0,19.29,0
70.8,1404,4,0,0,0,0,24.84,0
35.6,1949,6,0,0,0,1,52.87,0
162.49,697,2,0,0,0,0,70.02,0
23.09,1774,3,0,0,0,0,22.38,0
134.84,974,3,0,0,0,0,77.75,0
56.17,475,2,0,0,0,0,50.31,0
191.35,553,3,0,0,1,0,77.01,1
131.08,2087,5,0,0,0,0,32.57,0
343.29,1484,4,1,0,1,1,24.45,1
128.73,426,3,0,0,0,0,28.78,0
16.2,2071,10,0,0,0,0,41.34,0
62.79,682,3,1,0,1,0,32.03,0
23.22,91,3,0,0,0,0,32.76,0
41.83,556,9,0,0,1,0,49.99,0
259.85,1810,6,0,0,0,0,19.51,0
118.37,3817,6,0,0,0,1,35.28,0
35.55,989,3,0,0,0,1,9.16,0
26.78,1160,5,0,0,0,1,30.15,0
68.68,993,5,1,0,0,0,22.88,0
22.31,1440,3,0,0,0,2,23.59,0
36.45,2877,6,0,0,0,1,11.27,0
88.31,1308,3,1,0,0,0,18.59,1
188.63,2640,4,0,0,0,1,42.17,0
115.34,3596,4,0,0,0,1,13.67,0
8.48,3786,4,1,0,0,0,4.76,0
87.7,2264,5,0,0,1,0,46.69,0
71.15,2861,4,0,0,0,0,114.64,1
96.79,3679,6,0,0,0,1,17.65,0
285.6,3153,4,0,0,0,0,96.92,1
10.41,1220,6,0,1,0,0,4.11,0
39.17,554,3,0,0,0,1,44.72,0
113.5,485,6,0,0,0,0,16.09,0
16.06,3531,6,0,1,0,0,112.73,1
251.73,2238,3,1,0,0,0,26.64,1
92.9,1206,3,0,0,0,1,18.75,0
142.87,1401,5,1,0,0,0,0.71,1
39.89,1148,2,0,1,0,0,55.51,1
138.71,3213,4,1,0,0,0,53.03,0
174.45,2461,3,1,0,0,0,75.11,1
82.24,3521,5,0,0,1,1,36.88,1
82.35,1228,4,0,0,0,0,24.39,0
85.06,1906,9,0,0,0,0,66.31,1
30.66,513,7,0,0,0,1,20.87,0
58.39,3886,4,0,0,0,0,8.39,0
58.13,2062,8,0,0,0,0,43.67,1
94.17,2225,7,1,0,0,1,61.15,1
164.0,1672,5,1,0,0,0,6.62,1
25.72,1105,7,0,0,0,0,34.85,0
59.59,3795,6,0,0,0,0,55.69,0
252.98,1971,10,0,0,0,1,19.43,0
34.15,2708,8,0,0,1,1,96.05,1
31.82,178,7,1,0,0,0,17.66,0
80.0,1125,5,0,0,0,0,17.67,0
142.59,3221,6,0,0,0,0,21.12,0
67.38,378,4,0,0,0,0,12.96,0
220.54,432,8,0,0,0,2,17.66,1
144.19,3245,4,1,0,0,1,33.95,1
142.26,1255,4,0,0,0,0,14.61,0
109.8,1117,6,0,0,0,0,46.99,0
541.8,2274,2,0,0,0,1,7.38,0
55.44,803,5,0,0,0,0,14.79,0
10.99,200,3,0,0,0,0,97.33,0
282.54,47,6,0,0,0,0,17.19,0
44.17,344,6,0,0,0,0,29.91,0
73.49,659,3,0,0,0,0,31.88,0
216.72,2793,4,1,0,0,2,11.99,1
15.77,1212,4,1,0,0,2,15.84,1
21.62,314,6,0,0,0,0,39.83,0
15.78,87,6,0,0,0,1,17.27,1
32.63,1924,6,1,0,0,0,16.46,1
99.05,3365,7,0,0,0,1,15.76,0
106.89,1374,6,1,0,1,1,74.34,1
85.51,283,9,0,0,0,0,64.25,1
18.7,935,2,0,0,0,0,34.38,1
8.34,2012,6,0,0,0,1,26.21,0
70.03,779,7,1,1,0,1,32.97,1
43.62,3914,7,0,0,0,0,41.98,0
100.83,3060,6,0,0,0,0,42.19,0
125.43,1397,4,1,0,1,2,17.47,0
75.52,3807,4,1,0,0,0,22.3,0
132.17,1320,4,0,0,0,0,20.49,0
81.96,586,5,0,0,0,1,36.6,0
107.45,3754,4,0,0,0,0,71.87,0
35.37,3839,5,0,0,0,0,30.04,0
56.73,1271,3,0,0,0,1,32.23,0
79.61,2391,4,0,0,1,1,14.62,0
139.56,717,3,1,0,0,0,6.2,0
46.79,2577,7,1,0,0,0,21.77,0
106.6,2769,3,1,0,0,1,48.54,1
52.5,2848,6,0,0,0,0,14.91,0
59.99,2287,4,0,1,0,0,4.87,0
140.69,2825,5,0,0,0,0,43.34,0
11.09,2233,9,0,0,1,0,40.09,1
20.76,3284,10,0,0,0,1,18.06,1
17.57,742,4,0,0,1,1,16.26,1
8.16,1949,1,0,0,1,2,23.22,1
36.22,1683,9,0,1,0,0,19.22,0
130.91,2147,3,0,0,0,2,84.42,0
51.6,594,2,0,0,0,2,22.68,1
79.68,1315,3,0,0,0,0,37.98,0
177.74,3817,4,0,1,0,0,25.57,0
220.28,447,2,0,1,1,0,38.97,1
62.66,2552,4,0,0,0,2,18.57,0
225.48,2668,5,0,0,1,0,18.02,0
72.45,1913,4,0,0,0,0,29.88,0
31.39,163,2,0,0,0,0,15.99,0
39.06,166,7,0,0,0,1,21.78,1
17.59,1124,5,0,0,0,0,47.04,0
29.98,436,4,0,0,0,0,65.83,0
48.32,404,5,0,0,0,1,103.19,1
137.45,665,2,1,0,0,0,44.46,1
313.78,787,8,0,0,0,2,36.61,1
19.22,3358,7,0,0,0,0,13.22,0
94.97,2565,6,1,0,0,0,60.67,0
26.14,150,6,0,0,0,0,81.92,1
102.23,2525,4,0,0,0,0,20.95,0
59.27,572,7,0,0,0,0,97.52,0
12.84,1701,6,1,0,1,0,65.06,1
153.77,181,6,0,0,0,0,44.85,0
38.69,387,6,0,0,0,1,26.12,0
41.24,556,5,0,0,0,0,9.64,0
25.46,1750,4,0,1,0,0,84.64,1
37.01,1868,9,0,0,1,0,8.66,0
98.01,1430,4,0,0,0,0,87.29,0
56.24,2492,2,0,0,0,0,93.91,0
89.64,2890,7,0,1,0,3,13.45,1
92.36,2923,2,0,0,0,1,8.58,0
218.9,2328,6,1,0,0,0,20.42,1
48.98,2195,1,0,0,0,0,27.58,0
17.65,1981,2,0,0,1,0,19.0,0
174.25,974,5,0,0,0,0,20.15,0
49.48,1963,5,0,0,0,1,28.4,0
181.84,70,5,0,0,0,1,82.49,0
94.16,3866,9,0,0,0,0,25.66,1
59.26,1499,7,0,0,0,0,47.48,0
91.28,3032,6,0,0,0,0,10.03,0
386.03,3828,4,1,0,0,1,31.46,0
432.37,2003,8,1,0,0,0,21.78,1
70.98,3451,5,0,0,0,0,46.38,0
77.03,1932,7,0,0,0,1,9.26,0
175.67,555,5,1,0,0,0,70.09,1
31.15,135,3,0,0,0,1,21.05,0
90.0,568,4,0,0,0,0,15.39,0
65.15,3771,5,0,0,0,0,93.21,1
88.46,1916,3,0,0,0,0,35.59,0
31.5,1297,8,0,0,0,0,27.87,0
15.95,1800,2,0,1,0,0,9.17,0
10.32,1046,9,0,0,0,0,13.29,1
24.39,3486,4,0,0,0,0,9.56,1
44.13,3997,5,0,0,0,0,29.9,0
51.22,367,4,0,0,0,0,64.45,0
381.27,2883,4,0,0,0,0,37.71,0
180.44,1362,5,0,1,0,1,31.33,0
28.05,218,7,0,0,0,1,28.47,0
91.19,3691,2,0,0,0,0,53.95,0
46.23,275,4,0,0,1,0,24.56,1
51.63,847,8,1,0,0,1,7.27,0
78.79,131,4,0,0,0,1,59.57,0
116.43,1900,3,1,0,0,0,11.24,0
49.14,2410,2,0,0,1,1,6.27,0
173.72,1303,7,0,0,0,1,36.45,1
23.86,314,12,0,1,0,0,3.87,1
67.07,491,7,1,0,0,0,28.87,0
690.84,3735,3,0,0,0,0,33.07,0
81.51,3229,8,0,0,0,1,40.91,0
242.23,3749,5,0,0,0,0,37.91,1
72.41,2137,8,0,0,0,0,8.61,1
112.47,2197,8,0,1,0,1,54.03,1
63.36,3150,6,1,0,0,0,28.14,0
57.2,2478,4,0,0,0,2,21.48,0
33.06,1762,6,1,0,0,1,9.23,0
98.23,1188,4,0,0,0,1,62.08,0
30.99,1957,8,1,0,0,1,57.91,1
121.39,283,4,1,0,0,0,18.95,0
177.11,794,1,0,0,1,1,41.07,1
92.75,2957,2,1,0,0,0,48.63,0
51.54,3476,9,1,0,0,0,23.48,0
100.34,434,8,0,0,0,0,58.37,1
50.51,414,1,0,0,0,0,60.52,0
154.78,369,4,0,0,0,0,5.26,0
12.83,3172,5,0,0,0,0,47.34,0
49.3,1265,2,0,0,0,0,19.36,0
11.11,1327,5,0,0,0,1,14.01,0
17.36,79,6,0,0,0,0,3.98,1
227.57,3891,3,0,0,0,0,31.13,0
149.26,1753,3,0,0,0,1,22.96,0
34.9,3195,6,0,0,0,0,18.56,0
17.25,2839,6,1,1,0,1,49.56,1
4.63,592,5,0,0,0,1,180.16,1
40.89,3211,4,0,0,0,1,41.37,0
588.97,2214,4,0,0,0,0,22.88,0
98.63,2429,2,1,1,0,0,59.66,0
40.3,825,8,0,0,0,0,11.96,1
101.35,3392,5,0,1,0,1,19.52,0
16.36,3728,7,0,0,0,0,32.77,1
51.03,1643,5,0,0,0,0,33.04,0
72.93,397,7,0,0,0,2,55.19,1
61.71,3399,4,0,0,0,0,80.58,1
135.87,3552,4,0,0,0,1,54.26,1
90.94,2040,2,0,0,0,0,81.07,0
121.69,2329,4,1,0,1,0,83.58,1
35.89,915,9,0,0,0,1,36.39,1
149.61,297,3,1,1,0,3,26.01,1
288.89,3778,8,0,0,0,1,46.07,0
27.85,1947,4,0,0,0,1,5.92,0
30.0,1121,4,0,0,0,0,55.03,0
221.9,2782,6,0,0,0,0,50.21,0
56.14,134,10,0,0,0,0,11.56,0
235.91,347,6,0,0,0,0,75.66,0
44.78,993,8,0,0,0,0,61.94,1
247.04,1819,2,0,0,0,0,44.16,0
75.06,1485,6,0,0,0,0,25.72,0
84.13,773,5,1,0,0,0,77.58,1
272.67,1424,4,0,0,0,0,6.5,0
48.15,1355,4,0,0,0,0,28.06,0
28.59,2112,8,0,0,0,1,47.74,1
44.54,2264,6,0,0,0,0,66.07,0
100.19,3536,5,1,0,0,0,60.73,0
16.29,3232,6,0,0,0,0,10.67,0
118.36,1190,5,1,0,0,0,40.68,0
41.06,3613,3,0,0,0,0,33.42,0
187.36,2097,4,0,0,0,1,5.4,0
7.73,775,2,0,0,0,1,9.8,0
32.85,1380,4,0,0,0,1,4.01,1
14.62,2974,5,0,0,0,2,5.38,1
31.7,3292,8,0,0,0,0,10.69,1
83.34,1515,9,1,0,0,0,26.45,1
56.75,655,3,0,0,0,0,27.64,0
53.09,791,6,0,0,1,0,39.71,1
57.79,440,2,0,0,0,1,17.01,0
80.08,2803,2,0,0,0,0,68.52,0
26.91,2026,6,0,1,0,0,58.13,0
125.99,1821,7,0,0,0,0,38.48,1
121.07,2697,3,0,0,0,1,89.33,1
94.3,3319,5,0,0,0,0,35.94,0
110.04,3188,4,0,0,0,0,7.52,0
87.08,574,6,1,1,0,1,46.74,1
416.37,2370,8,0,0,0,1,31.86,1
61.66,3533,3,1,0,1,1,21.11,1
50.58,3102,4,0,0,0,2,23.65,0
33.85,1337,6,0,0,0,0,41.81,0
26.34,1589,2,1,0,0,1,37.38,0
21.76,3564,2,0,0,0,1,101.99,0
29.97,160,7,0,0,0,0,33.93,0
62.58,2115,5,0,0,0,0,35.95,0
90.1,490,7,0,0,0,0,31.55,0
69.83,3581,3,0,0,0,0,31.22,0
33.48,183,5,0,0,1,0,11.35,1
149.93,122,2,1,0,0,1,18.86,0
129.73,1335,6,0,0,0,1,40.98,0
57.76,824,7,0,0,0,0,7.51,0
37.05,1997,2,0,0,0,0,24.51,0
109.24,1219,9,0,0,0,0,71.9,1
78.98,1444,4,0,0,0,0,23.39,0
18.11,2272,4,0,0,0,1,85.83,0
62.73,2255,4,0,0,0,0,23.82,0
84.42,3741,2,0,0,0,0,60.87,0
29.67,1938,2,0,0,0,0,32.41,0
79.11,2269,6,0,0,0,0,11.56,1
18.01,2721,6,0,0,0,0,99.92,0
221.98,721,2,0,0,0,0,10.49,0
205.03,2677,7,0,0,0,0,20.19,0
53.13,3451,7,0,0,0,0,108.28,0
92.49,1292,3,0,0,0,0,35.8,0
7.62,738,5,0,0,0,0,15.72,1
23.55,1404,7,1,0,1,1,31.41,1
51.19,1121,3,0,0,0,0,45.95,0
25.41,2353,6,0,1,0,1,23.31,0
126.84,3459,4,1,0,0,1,77.04,0
402.45,2397,4,1,0,0,0,16.79,0
23.13,528,7,0,0,0,1,4.04,0
31.38,1279,4,1,0,0,1,56.47,0
82.43,2766,3,0,0,0,0,27.29,0
284.29,1341,4,0,0,1,0,60.76,1
22.19,2357,5,0,0,0,0,22.42,1
83.44,2785,6,1,0,0,0,41.03,0
343.49,1336,7,0,0,0,0,21.51,1
15.08,2600,2,0,0,0,0,25.23,0
21.05,1610,7,0,0,0,0,8.06,0
45.55,566,3,0,0,0,0,11.18,0
41.74,1507,5,0,0,0,0,37.94,0
138.57,1780,8,0,0,1,0,56.47,1
82.89,39,7,0,0,1,0,40.68,1
13.5,3574,3,0,0,0,0,13.36,0
106.05,2125,3,0,0,0,0,43.62,0
39.65,174,5,0,0,0,1,13.66,0
209.98,3475,3,0,0,0,0,37.49,0
37.91,3425,5,1,0,0,1,16.9,0
37.6,77,7,0,0,1,0,26.52,1
108.53,677,3,0,0,0,0,18.39,0
132.51,1474,1,0,0,0,1,44.92,0
99.81,2043,7,1,1,0,0,20.9,1
14.63,2911,6,0,0,0,0,45.96,1
108.23,1714,4,0,0,0,0,2.53,0
26.29,2458,7,0,1,0,0,58.56,0
82.41,70,1,0,0,0,2,13.26,0
18.52,2644,4,0,0,0,2,81.66,1
99.65,3664,4,0,0,0,2,22.16,1
32.27,2119,6,1,0,0,0,71.26,1
21.02,1836,8,1,0,0,0,5.22,1
126.78,1209,11,0,0,0,0,64.3,0
82.89,3818,8,1,0,0,3,15.31,1
38.38,161,7,0,0,0,0,63.93,0
246.18,1168,3,0,0,0,0,29.86,0
44.85,580,5,0,0,0,0,24.04,0
68.64,3469,5,0,1,0,0,72.46,1
84.95,1945,5,0,0,0,1,19.3,0
38.18,3691,6,0,0,0,0,85.72,0
101.9,2670,5,0,0,0,0,24.92,0
41.26,2240,3,0,0,0,0,31.74,0
46.04,2084,6,0,0,0,1,34.51,0
227.32,834,7,0,0,0,0,10.69,0
26.14,2261,7,0,0,1,1,39.37,0
7.6,2750,10,0,0,0,0,15.29,0
284.25,3862,6,0,0,0,0,12.62,0
661.42,2209,4,0,0,0,2,12.46,1
46.31,3757,4,0,0,0,1,22.12,0
11.67,3779,5,0,0,0,1,74.48,0
50.43,2104,4,1,0,0,0,16.98,0
51.54,1773,6,1,0,0,0,38.59,0
56.21,596,2,0,0,0,1,70.28,1
24.48,1095,7,0,0,0,0,25.01,0
112.35,3520,4,1,0,0,1,34.05,0
106.92,578,4,0,0,0,0,78.43,0
17.38,1606,5,0,1,0,1,44.22,1
125.12,2803,4,0,0,0,0,40.4,0
423.02,985,9,1,0,0,0,29.85,1
77.85,3897,8,0,0,0,0,84.06,0
49.23,2608,2,0,0,0,0,22.26,0
58.69,142,5,1,0,0,0,19.86,0
116.02,1011,2,0,0,0,0,23.21,0
14.05,2969,5,0,0,0,0,46.91,0
77.32,3456,2,1,0,0,1,36.79,1
46.93,3709,6,0,1,0,2,13.81,0
351.79,3409,5,1,1,1,0,50.95,1
57.01,326,8,1,0,1,0,43.7,1
299.2,2926,5,0,0,0,0,17.07,1
24.7,467,4,0,1,0,0,38.93,0
113.13,333,6,0,0,0,0,59.28,0
88.9,2777,3,1,0,0,1,24.23,0
30.5,1928,4,1,0,0,0,5.38,0
78.23,2602,8,1,0,0,2,27.8,1
198.59,3410,4,0,0,1,0,23.06,0
49.83,303,4,0,0,0,0,3.82,0
14.54,2124,6,0,1,0,0,20.21,1
65.64,3342,6,0,0,0,0,11.28,0
29.6,1777,3,0,0,0,0,71.58,0
49.0,2107,4,1,0,0,1,72.13,1
61.97,2006,8,0,1,0,1,41.53,0
14.37,3631,5,0,0,1,0,26.48,1
15.58,228,5,0,0,0,1,22.11,0
102.91,3515,4,0,0,0,0,56.23,0
41.66,3271,2,0,0,0,0,24.98,0
6.63,3255,3,1,0,0,0,28.89,0
135.15,1666,6,1,1,0,0,35.83,0
85.21,2078,3,0,0,0,1,83.38,0
35.08,1494,4,0,1,0,2,6.26,1
20.39,1029,5,0,0,1,1,17.55,1
141.49,3505,4,0,0,0,0,8.82,0
91.32,2038,8,0,0,0,1,40.68,0
569.26,2901,6,0,0,0,0,6.48,0
97.34,430,6,0,1,0,0,15.18,0
94.53,3162,8,0,0,0,0,33.45,0
57.38,2645,3,0,0,0,0,50.67,0
139.09,3990,4,0,0,0,1,27.57,0
117.05,561,4,0,0,0,0,15.42,0
205.73,2173,4,0,0,0,0,22.84,0
41.71,2059,6,1,1,0,0,21.97,1
45.07,2167,7,0,0,0,0,55.56,0
43.33,245,5,0,0,0,0,16.86,0
135.87,1908,5,0,0,0,1,53.19,0
256.86,1219,5,0,0,0,0,27.12,0
44.13,2480,3,0,0,0,0,62.54,0
45.5,951,2,0,0,0,0,31.67,0
88.47,1757,12,0,0,1,0,18.6,1
53.45,2491,9,1,0,0,0,61.78,0
157.09,284,4,0,0,0,0,110.41,1
8.79,3153,5,0,0,0,0,33.3,0
31.69,2871,11,0,0,0,0,56.01,0
32.98,257,6,1,0,0,0,32.23,0
8.26,287,5,0,0,0,0,16.33,0
28.01,3405,8,1,0,1,0,64.39,1
29.26,1154,1,0,0,0,1,10.2,0
55.65,3447,4,0,0,0,1,8.86,0
181.58,2012,7,0,0,0,0,64.92,1
53.49,1388,11,0,1,0,0,23.6,0
26.37,1116,6,0,0,0,1,11.46,0
63.35,2646,4,0,0,0,1,86.02,1
171.44,465,5,0,0,0,0,48.73,0
27.71,1628,5,0,0,1,0,27.59,0
29.38,1403,6,0,0,0,0,38.02,0
110.24,642,5,0,0,1,1,34.79,1
54.63,1430,3,0,0,0,1,48.18,0
119.43,2128,2,0,0,0,1,26.76,0
65.87,2719,4,0,0,0,0,51.14,0
125.4,372,5,1,0,0,0,33.06,0
26.27,3493,4,0,0,0,1,4.18,0
65.96,3517,6,0,0,0,1,19.5,0
55.17,2777,6,0,0,0,0,44.77,1
22.32,3699,6,0,0,0,0,8.64,0
16.33,1728,7,0,0,0,1,33.08,1
123.62,3291,7,0,0,0,1,23.65,0
48.63,2917,4,1,0,0,1,87.15,1
26.57,2263,5,0,0,0,0,52.36,0
61.16,742,3,0,0,0,0,9.1,0
184.05,2243,8,0,0,0,0,46.37,0
8.56,3608,4,1,0,0,0,23.27,0
17.34,3938,4,0,0,0,1,30.96,0
29.06,1808,8,0,0,0,0,23.49,0
248.41,1014,5,0,0,0,0,88.96,0
86.0,2997,5,0,0,0,1,84.2,0
133.03,331,8,0,0,0,1,16.78,1
23.9,629,6,0,0,1,0,62.52,0
24.35,2260,3,1,0,0,1,19.06,0
99.79,3961,5,1,0,0,0,15.93,0
70.28,1335,8,0,1,0,1,33.1,0
109.27,1789,2,1,0,0,0,29.68,1
56.32,1309,7,0,1,0,1,13.68,0
85.66,1778,5,0,0,0,2,6.76,1
76.88,58,6,1,0,0,0,30.91,0
134.29,2391,6,0,0,0,0,13.68,0
137.87,2397,6,0,0,0,0,24.78,0
15.52,1282,2,0,0,0,0,66.78,0
8.82,1078,3,0,0,0,4,26.17,0
164.28,3053,5,1,1,0,0,6.39,0
194.21,775,6,0,0,0,0,61.64,0
26.61,216,9,0,0,0,0,42.07,1
12.51,190,5,0,0,0,3,54.87,1
72.9,3530,7,0,0,0,0,29.25,0
154.12,1476,3,0,0,0,0,29.11,0
336.24,434,7,1,0,0,0,114.99,1
106.13,3519,1,0,0,0,0,42.31,0
47.72,620,5,1,0,0,1,60.94,1
29.85,1366,5,0,0,0,0,178.5,1
67.38,112,5,0,0,0,1,112.69,1
50.94,2725,4,0,0,0,0,10.75,0
26.75,2806,6,0,0,1,2,13.18,1
421.53,3033,2,1,0,0,0,8.83,0
332.5,1074,5,0,0,0,0,28.79,0
185.39,1332,7,0,0,0,0,129.82,0
29.11,3754,5,1,0,0,0,0.73,0
143.96,3291,5,0,0,0,0,18.94,0
118.59,177,5,0,1,0,0,29.2,0
99.31,2776,2,0,0,0,0,12.08,0
205.35,3256,8,0,0,0,0,24.05,0
118.14,2250,5,0,0,0,0,25.37,1
129.8,2570,6,0,0,1,1,8.0,0
118.3,33,4,0,1,0,0,53.69,0
90.62,149,7,0,0,0,0,24.28,0
13.39,169,4,0,0,1,0,11.18,0
71.9,661,5,0,0,0,0,29.56,0
40.42,3963,6,0,0,0,1,52.38,0
21.08,2548,7,0,0,0,0,27.54,0
302.97,3135,10,0,0,0,0,12.22,0
316.11,1203,3,0,0,0,1,33.92,0
226.63,3752,6,0,0,0,0,107.47,0
83.91,819,8,0,0,0,0,18.26,0
224.88,3612,2,0,0,1,1,13.99,0
67.41,152,3,1,0,0,0,20.72,0
80.04,111,8,0,0,0,0,14.92,0
24.93,343,4,1,0,0,1,15.49,1
95.33,3173,6,1,1,0,0,10.02,0
70.41,1052,4,0,0,0,1,60.77,1
20.65,1821,11,1,1,0,0,49.07,1
63.68,1901,6,0,0,0,0,22.9,0
62.07,3164,2,0,0,0,0,17.66,0
336.23,1414,6,1,0,0,0,39.55,0
149.13,56,7,0,0,0,0,33.45,1
67.38,1564,8,0,0,0,0,32.54,1
83.42,1174,4,0,0,0,0,73.98,1
69.39,2931,1,0,0,0,0,43.01,0
55.56,3012,5,0,0,0,0,225.98,1
25.17,395,6,0,0,0,0,19.13,0
58.21,3178,6,1,0,0,0,110.49,1
34.07,309,4,0,0,0,0,41.48,0
21.64,2490,8,0,0,0,0,11.74,0
105.65,1575,3,0,0,0,0,16.2,0
94.83,1225,4,0,1,0,1,47.05,0
13.36,1948,4,1,0,0,1,9.19,1
59.72,1262,1,0,1,0,1,27.48,0
163.39,3181,7,0,0,0,2,138.04,1
173.0,3868,7,1,0,0,1,1.28,1
167.88,3268,6,0,1,0,1,27.33,1
69.06,1773,6,0,0,0,0,16.21,0
31.17,2028,9,1,1,0,1,113.36,1
25.15,1805,4,0,0,0,0,25.75,0
90.93,3180,3,0,0,0,0,14.0,0
93.82,2222,5,0,0,0,0,9.33,0
212.43,1888,3,0,0,0,1,10.61,0
179.47,1655,5,0,0,1,1,102.13,1
59.2,1518,5,0,0,0,0,2.45,0
21.76,2224,5,0,0,0,1,42.61,0
50.04,2765,4,1,0,0,0,78.92,0
81.09,1746,4,0,0,0,1,27.06,0
55.6,3232,7,0,0,0,1,10.79,0
39.64,3312,4,0,0,1,0,42.49,0
83.73,1733,7,0,0,0,0,13.2,0
42.37,3638,4,0,0,0,0,17.35,0
37.89,716,3,0,0,0,0,14.78,0
88.26,3730,3,1,0,1,0,15.4,0
46.44,1197,5,0,1,0,0,58.15,1
83.07,2270,6,1,0,0,0,24.59,1
85.28,1155,3,1,0,0,0,44.51,1
23.92,1785,5,0,0,1,0,44.44,1
43.25,1380,6,0,0,0,0,28.86,0
243.23,2829,4,0,0,1,0,82.14,0
23.43,352,4,0,0,0,1,12.2,0
9.92,3358,7,1,0,0,1,26.33,1
12.48,3618,5,0,0,1,0,4.31,0
68.46,2265,3,0,0,0,0,30.42,0
68.57,2202,2,1,0,0,0,55.59,0
59.99,2808,3,1,0,0,0,7.94,0
198.89,820,3,0,0,0,0,17.94,0
6.02,3006,3,1,0,0,0,15.02,0
95.23,898,4,0,0,0,1,1.14,0
271.86,2715,2,0,0,0,0,10.67,0
24.17,1243,2,0,0,0,1,46.99,1
47.38,2992,5,0,1,0,0,27.86,0
33.87,3170,2,0,0,0,0,36.91,0
29.82,858,3,0,1,0,0,55.75,0
49.72,2481,9,0,0,0,0,96.13,0
240.99,2008,4,1,0,0,1,10.6,1
348.5,1197,5,0,0,0,0,43.15,0
49.29,2365,3,0,0,0,1,17.34,0
370.39,3970,6,0,0,0,2,11.58,0
68.86,39,8,0,1,0,0,22.62,0
323.22,3828,3,0,0,0,0,44.64,0
61.32,3428,4,0,0,0,0,29.96,0
75.03,2131,7,0,0,0,0,20.28,0
92.66,2451,2,1,0,1,0,48.12,1
1165.57,1495,9,0,0,0,0,45.46,1
143.47,542,5,0,0,1,0,19.22,1
35.29,2298,8,1,0,0,1,42.86,0
159.51,3270,6,1,0,0,0,29.31,0
48.15,947,4,0,0,0,0,15.11,0
42.92,2876,4,1,0,0,0,45.27,0
151.07,2999,14,0,0,0,0,46.35,1
68.58,3040,8,0,0,1,0,9.77,1
85.69,1379,4,0,0,0,0,42.63,0
67.53,1586,3,0,0,0,0,61.01,0
90.28,1682,5,0,1,0,0,10.84,1
97.76,3421,3,0,0,0,0,33.58,0
11.67,3604,8,0,0,0,0,11.06,1
121.5,1673,4,1,0,0,1,12.13,0
27.55,3880,5,0,0,0,0,5.82,0
18.21,2294,4,0,0,0,1,66.74,1
63.27,1558,3,0,0,0,0,61.42,0
71.92,32,5,1,0,1,0,63.95,1
35.72,2455,2,0,1,0,0,20.91,0
140.88,2590,5,1,0,0,0,55.65,1
19.93,3874,4,0,0,1,0,11.49,0
46.24,2881,3,0,0,0,1,9.62,0
39.39,147,3,1,0,0,0,21.25,1
63.95,2281,6,0,0,0,1,58.77,0
85.71,2978,4,0,0,1,3,34.39,1
26.92,2001,6,0,0,0,0,19.13,0
127.98,1734,5,1,0,0,1,18.29,1
70.58,3245,5,0,0,0,0,66.82,0
12.15,2457,7,0,1,0,0,49.22,0
11.44,2735,7,0,0,0,0,69.29,1
65.95,1872,6,0,0,0,2,65.99,0
54.66,1133,2,0,0,0,0,4.64,0
60.76,2090,4,0,0,1,0,60.52,0
65.03,3837,5,0,0,0,0,49.89,0
81.7,2422,4,1,0,0,0,12.66,0
156.47,2837,7,0,0,0,1,21.15,0
24.53,522,1,0,0,0,1,25.09,0
23.22,3952,6,0,0,1,0,94.6,0
24.93,1001,5,0,0,0,1,30.22,0
86.49,3885,4,0,0,0,0,48.34,0
204.48,1799,3,0,0,0,0,59.88,0
45.23,3678,10,0,0,0,0,20.01,0
7.02,3570,3,1,0,0,0,65.62,0
14.39,3028,4,0,0,0,1,27.66,0
31.51,3668,9,0,0,0,0,139.37,1
40.37,2449,2,1,1,0,0,12.46,1
46.18,3399,5,0,0,0,1,25.55,0
69.04,713,8,0,1,0,1,61.88,1
50.37,309,11,0,0,0,1,15.64,0
171.47,2187,4,0,0,1,1,52.17,1
36.29,3245,7,0,0,0,0,22.17,1
30.69,3068,2,0,0,0,0,10.7,0
102.62,2125,4,0,0,0,0,8.8,0
16.74,2097,5,0,0,0,0,33.41,0
94.7,2451,8,1,0,0,0,40.89,0
73.13,3476,8,0,0,0,0,11.86,0
58.4,3372,5,0,0,0,0,43.59,0
278.51,465,7,1,0,1,1,8.08,1
38.09,2395,4,0,1,0,0,20.28,0
425.93,1542,2,1,1,0,0,27.13,0
54.44,3203,4,1,0,0,0,25.41,0
21.13,2038,5,0,0,0,0,32.17,0
71.02,3965,5,1,0,0,0,26.28,0
25.31,1746,8,0,0,0,0,23.45,1
33.9,2726,7,0,0,0,0,23.37,0
95.33,461,6,0,0,1,0,16.94,1
109.95,3731,9,0,0,0,0,44.25,1
38.09,639,5,0,1,0,0,23.63,0
162.17,1532,2,0,1,0,0,15.32,0
189.0,3355,4,0,0,0,0,42.22,0
242.91,3870,5,0,0,0,1,37.7,0
107.39,1953,5,1,0,0,0,11.37,0
227.49,1954,7,1,0,0,1,74.23,1
12.27,223,3,0,0,0,0,20.46,0
50.09,3916,7,0,0,0,1,21.22,0
30.56,95,3,0,0,0,0,27.86,0
74.24,133,3,0,1,0,0,36.81,1
39.87,1909,7,0,0,0,1,28.9,0
57.42,44,3,0,0,0,0,14.13,0
362.84,682,10,1,1,0,1,5.09,1
57.24,2522,4,0,0,1,0,73.25,0
96.78,2829,4,1,0,0,0,12.53,0
54.11,1213,4,1,0,0,0,40.02,1
71.39,3187,7,0,0,1,1,28.72,1
67.05,2442,2,0,0,0,1,3.78,0
99.83,936,1,0,0,0,1,16.66,0
190.33,2858,8,1,0,0,0,85.42,1
293.73,2380,6,0,0,0,1,5.54,0
88.12,3254,4,0,0,0,0,21.91,0
113.36,643,4,1,0,0,0,36.79,1
23.67,946,6,0,1,0,1,12.59,0
61.62,1235,5,0,0,0,0,31.17,0
155.44,1385,8,0,0,0,0,42.69,0
145.38,3558,6,0,0,0,2,38.81,1
80.68,2938,9,1,0,0,1,31.1,0
148.08,2190,5,0,0,0,0,24.85,1
103.72,2175,3,0,1,0,0,13.06,0
196.42,3546,7,0,0,0,0,41.74,0
86.52,1803,4,0,0,0,0,28.28,1
48.42,924,5,0,0,0,0,93.18,1
90.22,573,5,1,0,1,0,49.6,1
4.77,1340,5,0,0,0,1,19.02,0
94.12,2623,6,0,0,0,1,33.85,1
2.5,1899,4,1,0,0,0,9.7,1
14.14,1704,6,1,0,1,1,4.83,1
100.14,1935,4,0,0,0,0,18.5,0
102.49,3900,3,1,0,0,1,7.94,0
23.43,3990,4,0,0,0,0,45.98,0
35.13,670,7,0,0,0,1,87.54,0
228.95,484,2,0,0,0,0,60.62,0
43.14,999,1,0,1,0,0,21.12,0
502.01,3412,7,0,0,0,2,47.43,1
66.57,1854,2,1,0,0,1,17.7,0
96.28,3458,7,0,0,0,0,66.11,0
285.77,2597,3,0,0,0,1,42.71,1
75.03,2226,7,1,0,0,0,27.95,0
27.06,1147,7,0,0,0,0,26.53,0
60.42,1395,4,0,1,0,0,42.64,0
64.58,616,4,0,0,0,0,26.74,0
19.53,2091,7,0,0,0,0,58.33,0
52.97,1143,7,0,1,0,0,20.77,1
34.19,1191,10,0,0,0,0,24.48,0
153.23,187,5,0,0,1,0,25.62,0
68.8,3202,7,0,0,0,0,23.07,0
51.7,3758,3,0,1,0,1,13.85,0
60.61,2008,5,0,0,0,0,19.52,0
81.52,2158,6,0,1,0,1,27.57,0
116.18,3705,7,0,0,0,2,26.0,0
27.12,2060,7,1,0,0,1,79.69,1
26.12,2502,5,0,0,0,0,36.93,0
180.23,1729,5,0,0,0,0,68.35,0
46.01,2071,5,0,0,0,1,6.94,0
18.63,2101,4,0,0,0,1,53.17,0
99.43,2852,4,0,0,0,1,36.94,1
101.19,2428,3,0,0,0,0,25.7,0
16.82,2030,4,1,0,0,0,12.86,1
81.98,331,9,0,0,0,0,45.35,0
129.29,3620,9,0,1,0,1,40.89,1
93.41,3556,2,0,0,1,0,46.56,1
117.78,762,4,0,0,0,0,19.11,0
18.84,1194,6,0,0,0,0,58.14,0
89.83,3894,3,0,1,0,0,43.21,1
50.79,1304,5,0,0,0,0,20.47,0
43.18,3254,5,0,0,0,0,74.33,0
145.98,3149,3,0,0,0,1,33.11,0
252.48,3447,4,0,0,0,0,5.49,0
335.27,93,3,1,0,1,0,20.45,1
217.75,1947,8,1,0,0,0,57.68,1
60.42,2275,6,0,0,0,0,20.96,0
91.6,3353,6,1,0,0,0,29.07,0
132.97,921,4,1,0,0,1,58.86,1
74.37,1247,2,0,0,0,2,21.17,0
75.01,744,6,0,0,0,0,48.84,1
139.96,3054,4,0,0,1,1,10.03,1
63.22,3995,3,0,0,0,1,36.04,1
34.59,587,5,1,0,0,0,34.51,1
45.92,955,3,0,1,0,1,38.33,0
117.98,1248,3,0,0,0,0,41.72,0
66.87,3559,3,0,0,0,0,30.0,0
90.58,1799,7,0,0,0,0,27.41,0
121.88,1149,6,0,0,0,0,28.97,1
47.59,1309,5,0,0,0,1,72.44,0
131.71,2404,4,0,0,0,0,32.24,0
93.78,1566,9,0,0,0,0,109.76,1
21.95,587,3,0,0,0,1,41.59,0
244.22,3285,4,0,0,0,0,32.25,0
42.49,1706,9,0,0,1,1,10.87,1
15.04,1049,6,0,0,0,0,51.16,0
26.04,2921,6,0,0,0,0,23.89,1
26.6,2988,5,0,0,0,1,56.64,0
69.89,645,6,0,0,0,0,16.29,0
52.12,322,5,0,0,0,0,28.86,0
49.25,210,7,0,0,0,2,23.14,1
116.48,3069,11,0,0,0,0,48.49,0
90.55,2514,6,0,0,0,0,76.37,0
88.63,3174,4,0,0,0,0,28.39,0
96.43,2516,4,0,0,0,1,21.7,0
116.11,1624,4,0,0,0,0,11.42,0
10.0,2370,5,0,0,0,0,19.82,0
48.04,2898,2,1,0,0,0,77.03,1
9.37,1613,4,0,0,0,0,28.71,0
68.89,3663,7,0,0,0,1,40.19,1
66.41,3601,3,1,0,0,0,8.29,1
170.88,3208,3,0,0,0,0,7.97,0
194.2,3969,2,0,0,1,0,7.04,0
80.04,1580,7,0,0,0,0,64.4,1
42.51,483,5,0,1,0,0,29.55,1
103.2,1952,3,1,0,0,0,15.79,1
41.47,2991,2,0,0,1,1,52.22,0
66.6,3124,5,1,0,0,0,22.93,1
161.99,1572,8,0,0,0,0,56.5,0
40.37,1191,4,0,0,0,0,28.34,0
137.7,1798,5,0,0,0,0,57.05,0
122.69,3221,3,0,0,0,0,14.23,0
28.24,270,5,0,0,0,0,39.17,0
160.21,1332,4,1,0,0,0,46.17,0
125.05,942,6,0,1,0,0,7.46,1
73.09,3229,7,1,0,0,0,29.58,0
33.58,1894,5,0,1,0,0,11.14,0
30.78,374,4,0,0,0,0,8.22,0
41.1,1069,2,0,0,0,0,24.27,0
108.67,206,2,0,0,0,0,40.36,0
28.22,1917,2,0,0,0,2,16.32,0
98.87,3990,3,1,0,1,1,25.19,0
21.81,2281,6,1,0,0,0,18.35,0
55.5,3481,6,0,0,0,1,53.84,0
73.6,2978,3,0,0,0,0,67.48,1
602.22,3534,1,0,0,1,0,123.85,1
19.31,1264,8,0,0,0,1,61.47,1
250.84,3806,7,0,0,0,0,42.94,0
76.31,977,3,0,0,0,0,53.8,0
96.55,1770,6,0,1,0,1,18.52,1
74.18,2734,4,0,0,0,0,23.88,0
99.51,1168,4,1,0,0,0,34.96,1
58.07,1079,4,0,0,0,0,7.18,1
246.82,546,2,1,0,0,0,17.33,0
44.22,46,5,0,0,0,0,112.2,0
184.75,2019,4,0,0,0,1,24.04,1
37.34,3947,2,0,1,0,0,6.02,0
63.17,903,4,1,0,1,1,20.14,1
25.41,1777,5,0,0,0,0,33.23,0
100.44,3744,5,0,0,0,0,41.26,0
244.84,3096,4,0,0,0,0,28.4,0
62.2,45,5,0,0,1,0,38.3,1
55.86,2017,3,0,0,0,0,17.12,0
24.46,598,9,0,0,0,0,68.78,1
54.25,1010,8,1,0,0,0,58.95,1
15.9,1008,4,1,1,0,0,5.04,0
29.32,2461,5,0,1,0,0,12.53,0
81.79,819,5,0,0,0,1,52.43,1
218.57,1029,4,0,0,0,2,36.55,0
835.72,926,5,0,0,0,0,35.16,1
39.33,1446,4,0,0,0,2,31.83,0
242.69,2634,7,0,1,0,1,61.64,1
83.04,1617,2,0,0,0,0,35.7,0
58.2,1330,5,0,0,0,1,41.63,0
98.43,2084,7,0,0,0,0,32.51,0
70.51,2471,5,0,0,0,0,13.62,0
73.65,90,2,1,0,1,1,54.88,1
46.18,3564,1,0,0,0,0,22.5,0
18.95,3668,5,0,0,0,0,22.32,1
16.62,2422,5,0,0,0,0,26.0,0
120.05,2311,4,0,0,0,0,10.0,0
51.99,2787,2,0,0,1,1,101.2,1
39.0,1780,9,0,0,1,1,52.23,1
67.2,1481,3,0,0,0,1,12.8,0
136.38,1430,4,0,1,0,1,80.85,1
78.44,664,6,0,0,0,1,19.47,1
36.95,3369,5,0,0,0,0,22.21,0
201.07,1302,4,0,0,0,1,19.28,0
276.24,1159,3,1,0,0,0,71.16,0
104.07,3858,5,1,0,0,0,63.36,1
160.18,2041,5,1,0,0,0,26.6,0
203.93,2498,8,1,0,0,1,28.3,1
184.4,1004,7,0,0,0,0,50.75,0
115.9,1131,7,0,0,0,0,49.75,0
114.26,2921,3,0,0,0,0,29.6,0
106.45,1820,2,0,0,0,0,30.26,0
24.84,616,4,1,0,0,1,52.85,1
125.29,3346,7,0,1,0,0,6.55,1
19.68,1628,6,0,0,0,0,39.67,0
32.62,2683,6,0,0,0,0,37.89,0
215.55,1384,6,1,0,0,0,71.51,1
142.05,2255,7,0,0,0,0,42.23,0
254.34,3109,4,0,0,0,0,45.5,1
52.22,3544,4,0,0,0,1,17.6,0
23.64,853,7,0,1,1,1,18.63,1
53.71,2699,6,0,0,0,0,39.02,0
73.1,3661,5,0,0,0,0,3.84,0
71.6,2581,6,0,0,0,0,23.49,0
184.99,598,3,0,0,0,1,10.69,1
48.18,783,3,0,0,0,0,19.41,0
91.55,835,5,1,1,0,0,4.95,1
27.39,452,7,0,0,1,0,11.85,0
100.01,3022,2,0,1,0,0,66.35,0
66.87,3861,5,0,0,0,0,11.07,0
33.96,2082,1,1,0,0,0,14.85,0
53.93,2407,3,0,0,0,0,20.72,0
56.5,3101,4,0,0,0,0,45.74,0
52.29,1680,5,1,0,0,0,26.04,0
328.39,1905,5,0,0,0,0,6.85,0
61.03,2368,6,0,0,1,0,4.28,0
53.54,1239,5,0,0,0,1,23.4,0
10.1,275,4,0,0,0,0,25.64,1
29.82,2284,5,1,0,0,0,55.18,1
52.63,3293,2,0,0,0,0,12.2,0
35.97,320,4,1,0,0,0,77.17,1
231.26,890,4,1,0,0,1,6.93,0
57.49,1074,1,0,0,0,2,7.01,0
212.64,3224,7,0,0,0,0,22.84,0
70.49,2033,6,0,0,0,1,53.95,1
68.96,2151,3,1,0,1,1,35.05,1
61.56,2591,2,0,0,0,1,11.78,0
66.91,1127,5,0,0,0,0,104.3,1
313.22,2862,5,1,0,1,0,33.9,1
8.27,149,6,0,0,0,0,36.31,0
11.01,481,5,1,0,0,0,50.37,1
40.9,3268,5,0,0,0,0,37.23,0
67.56,2643,3,0,0,0,0,19.92,1
124.1,730,5,0,1,0,4,84.66,1
102.08,1771,2,0,0,0,1,72.19,0
47.19,235,9,0,0,0,0,94.38,1
166.86,2697,6,0,0,0,1,21.75,1
168.54,3030,4,0,1,0,1,82.46,1
78.7,1135,7,1,0,0,0,11.23,1
158.6,1419,4,0,0,0,0,30.03,0
85.23,970,7,0,0,1,1,49.28,0
40.23,1575,5,0,1,0,0,8.89,0
124.97,1111,4,0,0,0,0,89.97,1
73.67,1010,7,0,0,0,0,20.0,0
66.77,1737,6,0,1,0,0,74.34,1
251.05,3440,3,0,0,0,0,9.82,0
7.35,3058,9,0,0,0,0,29.5,0
18.62,1210,5,0,0,0,1,16.88,0
22.91,3773,1,1,0,1,3,16.99,0
48.09,864,3,0,0,0,0,10.97,0
53.03,3645,5,0,0,0,0,10.21,0
17.17,1257,7,0,0,0,0,12.23,0
27.48,2174,2,1,0,0,0,11.87,1
30.73,836,8,1,0,0,0,63.76,1
608.92,3055,8,0,0,0,0,70.21,1
337.5,1291,6,0,0,0,1,8.47,1
46.04,3494,6,0,1,0,0,24.47,1
48.08,359,2,0,0,0,0,62.83,0
23.71,2022,6,0,0,1,0,45.28,1
11.97,659,1,0,0,0,0,23.04,0
60.03,3559,3,0,0,0,1,17.44,1
27.17,1685,6,1,0,0,1,8.63,1
61.78,2707,7,0,0,0,0,86.76,1
15.8,3521,4,0,0,0,0,36.76,0
33.59,2156,5,0,0,0,0,32.17,0
76.23,257,5,1,0,0,0,13.9,1
92.72,906,2,0,0,0,0,27.68,0
97.1,874,5,0,0,0,1,63.5,0
20.32,3659,2,0,0,0,0,7.71,0
143.91,3636,4,0,0,0,1,13.67,0
32.45,1923,4,0,1,0,0,9.4,0
117.87,3563,4,1,0,0,0,74.9,0
66.05,1006,6,0,1,0,0,7.4,0
19.32,2727,8,0,0,0,1,35.44,0
50.17,1585,3,0,0,0,0,9.5,0
92.65,984,2,0,0,0,0,32.76,0
115.78,1022,7,1,0,0,0,9.2,1
58.74,1696,6,0,0,1,0,18.71,0
264.7,1378,5,0,0,0,0,83.0,0
165.13,868,4,0,0,0,1,40.62,0
52.93,1356,4,0,0,0,0,31.47,0
130.99,540,6,1,0,1,0,38.62,1
380.09,3879,5,0,0,0,0,87.63,0
389.33,1538,4,1,0,0,0,33.06,0
22.08,456,9,0,0,0,2,60.64,1
28.97,2316,3,1,0,0,2,61.93,0
253.77,3535,5,1,0,0,1,56.43,0
25.73,1458,1,0,0,0,1,128.35,0
20.28,3385,7,0,0,0,0,46.2,0
43.05,2454,6,0,1,1,1,57.98,1
97.34,2964,2,0,0,0,1,19.0,1
60.82,1206,6,0,0,0,0,29.67,0
37.13,176,3,0,0,0,1,28.56,0
36.35,1403,6,1,0,0,0,13.61,1
35.12,3700,6,0,0,0,0,14.96,0
30.22,3168,7,1,0,0,1,28.21,1
519.81,3143,5,0,0,0,0,34.3,0
87.16,3516,4,0,0,0,0,85.49,0
148.13,1511,6,0,0,0,0,13.59,0
42.94,1308,7,0,0,0,1,12.91,0
56.41,3703,6,0,0,0,0,7.94,0
35.09,2298,7,0,0,0,0,51.16,0
6.13,1212,4,1,0,0,0,98.78,1
19.29,1134,6,0,1,0,0,26.94,0
13.07,3512,5,0,0,0,0,35.52,0
8.8,241,5,0,0,0,2,27.39,0
22.74,274,7,0,0,0,1,47.66,0
219.74,2959,7,0,1,0,0,11.22,1
64.07,35,7,1,0,0,0,40.72,1
213.05,708,6,0,0,0,0,27.37,1
96.53,3962,6,0,0,0,0,52.46,1
134.87,1720,9,0,0,0,1,51.14,1
29.64,2918,5,1,0,0,0,37.42,0
106.86,1963,6,0,0,0,0,24.02,1
128.49,389,5,0,0,0,1,14.04,0
39.69,762,3,0,0,1,2,50.35,1
110.34,3051,3,0,0,0,0,30.41,0
111.0,405,8,0,0,0,0,29.91,1
40.67,2390,10,0,0,0,0,21.07,1
24.28,1411,5,0,0,1,0,76.51,0
22.97,1500,6,0,0,1,2,78.87,1
72.09,3810,5,1,0,0,0,22.46,0
89.51,2435,9,1,0,0,0,15.84,1
32.68,2472,5,0,0,0,0,24.12,0
68.3,1420,4,0,0,0,0,16.94,0
111.44,1544,9,1,0,0,1,40.06,1
116.32,2752,6,0,0,0,0,29.64,0
269.53,184,5,1,0,0,0,48.67,1
210.46,972,7,0,0,0,0,22.68,0
27.08,2413,4,0,1,0,2,134.79,1
303.45,2505,8,0,0,0,0,8.36,0
41.35,396,5,1,0,0,1,28.84,1
170.78,3157,4,0,0,0,0,117.47,1
70.89,2183,4,0,0,0,1,49.18,0
46.02,973,7,0,0,0,0,25.68,1
13.11,3015,6,1,0,0,0,38.48,1
57.15,3963,2,0,0,0,0,10.16,0
16.39,1711,7,1,0,0,1,30.24,1
159.26,1155,5,0,0,0,0,9.97,0
261.15,1218,4,1,0,0,0,5.52,0
32.55,2382,4,0,0,0,1,73.14,0
87.51,218,5,0,0,0,0,17.72,0
34.71,1949,4,0,0,0,0,9.3,0
37.88,128,4,0,0,0,0,23.03,1
133.89,183,6,0,1,0,0,46.95,0
64.41,1737,3,0,0,0,0,10.02,0
319.16,2989,4,0,0,0,0,19.73,0
43.21,3536,5,1,0,1,0,51.16,1
163.92,377,6,0,0,0,0,31.37,0
72.8,998,4,1,0,0,0,74.5,1
136.48,1703,8,0,0,0,1,51.74,1
44.59,2309,5,0,0,0,0,43.27,0
63.78,3948,3,0,0,0,0,50.47,0
60.1,2746,4,0,0,0,0,8.09,0
31.42,2167,5,0,0,0,0,28.54,0
121.01,271,5,0,0,0,0,106.42,1
119.73,350,9,0,0,0,0,21.31,0
113.77,637,7,0,0,0,0,28.94,0
265.94,2653,2,1,0,0,0,18.0,0
245.77,1345,2,1,0,0,1,17.88,0
47.59,986,4,0,0,0,1,55.69,1
93.29,2690,3,0,0,0,0,103.36,0
38.04,3267,12,0,0,0,0,81.24,1
68.1,1772,6,0,1,0,1,4.86,0
38.87,3530,8,0,0,0,1,27.47,0
286.59,2944,5,0,0,0,0,21.68,1
92.51,2873,11,0,0,0,0,11.02,0
54.8,3474,11,0,0,1,0,57.36,1
195.25,759,5,0,0,0,0,23.0,0
9.45,3040,9,0,0,0,2,12.32,0
10.88,3832,4,0,0,0,0,38.7,0
136.49,3969,4,1,0,0,0,9.95,0
70.42,2324,4,0,0,0,1,66.55,1
83.55,3024,7,0,0,1,0,70.13,1
20.21,3557,8,0,0,0,0,49.75,0
65.31,3413,7,0,0,0,1,41.97,0
404.71,3594,9,0,0,0,0,27.27,0
140.02,3334,7,0,0,0,1,36.85,0
77.69,1543,2,0,0,1,0,26.74,1
44.92,2929,8,0,1,0,1,7.7,1
46.75,1659,9,0,0,1,0,48.03,1
9.81,3213,7,0,0,0,0,77.0,0
84.09,3246,6,0,0,0,0,18.06,0
142.73,3740,4,0,0,0,1,54.02,0
16.15,2365,4,0,1,0,0,29.59,0
36.77,1916,7,0,0,0,1,19.28,1
23.53,687,5,0,0,0,0,3.67,0
27.97,2563,6,0,0,0,0,49.17,0
69.97,2278,9,0,0,0,1,42.26,0
10.22,2074,3,1,0,0,2,12.08,0
115.91,2715,4,0,0,0,1,24.02,0
131.43,3408,5,0,0,0,1,29.41,0
53.2,620,6,0,1,0,0,38.25,0
7.15,1742,4,0,0,0,0,61.92,0
27.2,2897,5,0,0,0,1,25.98,0
202.27,3284,5,0,0,0,2,6.51,0
5.47,3120,5,1,0,0,0,30.52,0
48.78,3203,4,1,0,0,0,21.32,0
23.06,3424,8,0,0,0,0,15.46,0
137.57,3848,3,0,1,0,0,55.4,0
36.32,2444,3,0,0,0,0,14.06,0
95.92,1018,2,0,0,0,0,9.06,0
110.93,2267,3,0,0,0,0,20.02,0
348.14,2847,4,0,0,0,0,28.92,0
55.55,429,5,0,0,0,0,31.98,0
93.54,3034,6,0,0,0,0,67.25,0
17.52,2190,8,0,0,0,1,17.03,0
194.68,3747,7,0,0,0,0,49.51,0
33.63,870,4,0,0,0,0,20.06,0
40.26,3630,5,0,0,0,0,4.38,0
65.36,1808,5,0,0,0,1,62.86,0
16.34,2306,1,0,0,0,0,7.63,0
81.93,2650,3,0,0,0,1,35.39,0
159.29,2329,4,1,0,0,0,8.58,0
86.8,3618,3,0,0,1,0,40.69,0
15.96,694,6,0,0,0,0,10.67,0
59.65,2927,2,0,1,0,0,6.17,0
130.04,3900,4,0,1,0,1,24.41,0
12.3,903,4,0,0,0,0,2.85,0
25.35,1042,3,0,0,0,0,26.21,0
146.77,1915,5,0,0,0,1,49.34,0
85.04,2907,6,0,0,0,1,105.7,1
96.62,3837,5,0,0,0,2,33.26,0
355.51,3189,6,0,1,0,3,27.69,1
101.67,3182,5,0,1,0,0,64.56,1
120.55,1781,3,0,0,0,0,9.81,1
764.84,2592,4,0,0,0,0,14.23,0
55.01,868,5,1,0,0,0,48.47,0
32.52,1868,4,0,0,1,0,19.59,0
98.0,780,4,0,0,0,1,22.83,0
99.0,137,2,0,1,0,0,30.33,0
41.51,3430,3,0,1,1,0,11.03,1
26.33,3224,3,0,0,0,0,6.36,0
533.18,2057,5,0,0,0,0,13.47,0
89.49,87,7,0,0,1,0,21.27,0
34.5,387,13,0,1,0,0,40.72,1
152.07,473,3,1,0,0,1,28.61,0
60.45,2876,5,0,0,0,1,47.27,0
53.11,837,3,0,0,0,0,28.26,0
110.61,1023,1,0,0,1,0,52.42,1
20.85,3448,5,0,0,0,1,23.02,0
91.59,3509,5,0,0,0,0,3.28,0
373.03,3059,7,0,0,0,0,16.73,0
101.45,1258,2,0,0,0,0,30.98,0
47.53,2332,5,0,0,0,0,44.06,0
42.25,825,5,1,0,0,0,18.24,0
46.09,3435,4,0,0,0,1,33.56,0
53.06,366,2,0,1,0,0,20.39,0
47.46,2985,3,0,0,1,0,14.41,0
152.12,2060,4,0,0,1,0,44.08,1
14.01,3037,7,0,0,0,0,38.07,0
144.86,1819,6,1,0,0,0,129.1,1
47.38,657,3,0,0,0,1,18.27,0
93.62,3012,6,1,0,0,0,69.03,1
24.18,2535,5,0,0,0,0,7.64,0
220.47,1874,4,0,0,0,0,69.07,0
204.6,1509,8,0,0,0,1,28.76,1
158.16,1394,5,1,0,0,1,21.29,0
17.06,1940,6,0,0,0,0,38.2,0
140.64,1068,2,0,0,0,0,40.33,0
96.0,1150,10,0,0,0,0,63.28,1
15.73,1134,3,0,0,0,0,12.63,0
65.24,80,4,1,0,0,0,7.54,0
92.58,3713,3,0,0,0,0,38.38,0
110.0,969,6,1,0,0,1,36.65,0
78.22,685,5,0,0,0,1,62.54,0
86.67,630,2,0,0,0,0,19.5,0
251.2,3953,3,0,0,0,0,16.4,0
201.03,1922,6,0,0,0,0,37.56,0
5.05,1327,2,0,0,0,1,30.01,0
50.11,1633,2,1,0,1,1,43.37,0
57.5,380,2,1,0,0,1,15.54,1
13.78,1275,7,1,0,0,0,68.63,0
72.59,1017,6,0,1,0,0,35.79,0
205.18,3218,2,0,0,0,0,61.47,0
25.08,261,2,1,0,0,0,25.37,0
90.27,1719,8,0,0,0,0,14.84,0
29.25,3166,6,0,0,0,1,39.27,0
36.43,3339,2,0,0,0,1,47.38,0
252.06,2064,4,1,0,0,0,6.45,1
40.92,913,7,0,0,0,0,99.41,1
101.09,1367,4,0,0,0,1,16.27,0
12.38,912,6,0,0,0,0,32.43,0
356.41,2658,5,0,0,0,0,45.55,0
114.71,1191,3,0,0,0,0,29.8,0
56.59,2533,2,0,0,0,0,31.23,0
111.94,2633,6,0,0,0,0,31.83,0
18.75,3761,3,0,0,0,1,4.14,0
193.31,1500,4,0,0,0,0,33.37,0
49.82,3846,5,0,0,0,0,19.22,0
55.5,1620,7,1,1,0,1,60.57,1
42.84,2732,5,0,0,0,0,53.16,0
39.54,2656,8,0,0,1,1,8.0,0
124.61,3276,3,0,0,0,0,7.6,0
83.96,1892,8,1,0,0,0,102.22,1
119.89,3175,4,0,0,0,1,1.85,0
66.16,1440,6,0,1,0,0,16.92,0
105.83,1980,6,0,0,0,0,10.2,0
45.74,2013,5,0,0,0,0,67.25,0
496.09,2826,5,0,0,0,0,26.24,1
16.26,2484,3,1,0,0,0,16.2,1
207.44,340,4,0,0,0,0,30.37,0
228.4,3241,4,1,0,0,0,96.4,0
30.97,3039,3,0,1,0,1,42.11,0
495.89,445,5,0,0,0,0,41.46,0
163.36,3848,5,0,0,0,0,6.17,0
159.82,2653,6,0,0,0,1,62.83,1
68.39,367,5,0,0,0,1,12.44,1
54.84,1980,8,0,0,0,0,39.51,0
55.23,3349,5,0,0,0,0,14.85,0
94.77,1140,6,0,0,0,1,30.13,0
235.35,3733,5,1,0,0,0,28.91,0
78.51,1691,5,0,0,0,0,149.54,1
29.36,927,8,0,0,0,0,20.6,0
140.05,1445,4,0,1,0,0,36.37,0
152.79,2113,5,0,0,1,0,25.97,1
120.2,2761,8,1,0,0,0,9.64,0
130.44,3713,5,0,0,0,0,39.47,0
52.26,803,7,1,0,0,0,55.36,0
28.9,3842,5,0,0,1,0,11.04,0
30.53,2124,3,0,0,0,1,23.65,0
15.3,537,4,0,0,0,0,30.78,1
82.54,3708,5,0,0,0,0,51.21,0
61.86,1415,6,0,0,0,2,52.69,1
44.88,2493,2,0,0,0,0,5.73,0
4.66,2801,3,0,0,0,1,101.52,1
21.7,83,6,0,0,0,0,42.28,0
182.87,909,10,1,0,0,0,29.46,1
36.67,2755,4,0,0,0,0,50.92,0
92.25,1319,5,0,0,0,1,74.58,1
19.08,67,7,0,1,0,1,25.66,1
243.43,122,3,1,0,0,0,23.3,0
58.58,3310,3,1,1,0,1,9.81,0
86.58,639,3,0,0,0,1,23.55,0
540.88,428,4,1,0,0,3,44.44,1
261.07,2262,3,0,1,0,1,23.58,0
50.61,502,1,0,0,1,0,22.84,0
39.1,2622,4,1,0,0,0,87.6,1
49.75,2190,5,0,0,0,0,35.96,0
105.52,2606,6,0,0,0,1,36.03,0
60.66,1981,6,0,1,0,0,44.93,1
46.73,3120,4,1,0,1,1,57.59,1
249.75,2589,7,0,0,1,0,31.38,0
60.17,1678,10,0,0,0,0,14.07,1
528.28,91,7,0,0,0,0,41.91,0
72.36,1115,4,0,0,1,0,62.95,1
332.55,551,3,0,0,0,1,41.43,0
91.98,91,7,0,0,0,0,50.61,0
158.64,1114,9,0,0,0,0,22.84,0
34.74,850,2,0,0,0,1,16.23,0
30.93,334,5,1,0,0,1,34.23,0
100.86,1270,9,0,0,0,0,19.62,0
162.34,2041,5,0,0,0,0,76.06,1
69.15,737,3,0,0,1,0,42.89,0
20.95,1114,1,0,0,0,0,20.79,0
19.6,109,4,0,0,0,0,11.69,1
18.46,230,3,0,0,0,1,61.54,0
13.59,655,7,0,0,0,0,13.42,0
73.59,1828,2,0,0,0,0,30.12,0
183.56,2674,5,0,0,0,0,36.3,0
65.89,3159,3,0,0,1,2,13.58,0
8.72,2529,4,0,0,0,0,26.74,0
56.17,2478,5,1,0,0,2,68.38,1
57.6,3744,11,0,0,0,0,8.1,0
439.83,1044,8,0,1,0,0,61.27,0
17.97,3198,7,0,0,0,1,34.48,0
46.92,3749,10,0,1,0,0,17.83,0
309.6,2283,4,0,0,0,0,7.57,0
99.98,3367,6,0,0,1,0,27.35,1
110.72,576,7,0,0,0,0,18.67,0
73.93,3518,4,0,0,0,0,27.08,0
89.74,2269,4,0,1,0,0,45.55,1
134.27,909,6,0,0,0,0,6.99,0
32.18,274,3,0,0,0,1,33.03,0
146.97,2888,5,0,1,0,0,90.83,0
19.38,1740,3,0,0,0,0,20.85,0
89.62,1260,3,1,0,0,0,41.02,1
78.33,1579,7,0,0,0,2,4.04,1
38.3,3964,4,0,0,0,0,6.94,0
65.34,1728,4,0,1,0,0,16.73,1
38.08,342,4,1,0,0,0,70.68,0
25.42,1140,5,0,0,0,0,19.14,0
48.51,607,4,0,0,0,0,41.96,0
24.69,2752,6,0,0,1,0,18.95,0
89.17,3207,2,0,0,0,0,9.96,0
23.69,3368,7,0,0,0,1,24.66,1
126.57,2542,6,0,0,0,1,44.7,1
23.03,3081,4,0,0,0,0,61.65,0
40.06,1686,4,0,0,0,1,27.4,0
38.01,2522,7,0,0,0,0,41.87,0
219.78,454,5,1,0,0,0,31.11,1
89.77,2167,5,0,0,1,0,33.34,1
55.12,2243,5,1,0,0,0,13.81,1
104.46,153,5,0,0,0,0,15.12,0
10.01,2206,2,0,0,1,1,10.93,0
64.15,2900,6,0,0,0,0,20.07,0
402.53,1489,8,0,0,1,0,55.58,0
75.12,2193,4,0,0,0,0,82.57,1
70.89,1165,5,0,0,0,1,55.51,0
109.21,1104,4,0,0,0,1,40.43,1
149.31,544,7,0,0,0,0,30.45,0
11.05,1331,2,0,1,0,0,55.4,1
14.67,3218,5,0,0,0,0,173.08,0
80.58,3744,4,1,0,0,0,35.75,1
35.04,2553,5,0,0,0,1,44.32,0
217.2,2508,5,0,0,0,0,35.98,0
50.22,2466,6,0,0,1,0,97.97,1
11.69,1919,9,0,0,0,0,26.69,1
21.3,1709,3,1,0,0,0,14.98,1
5.61,2495,4,0,0,0,2,48.48,0
54.02,3144,7,1,0,0,0,15.03,0
56.29,1672,3,1,0,0,0,37.64,0
45.51,2276,4,0,0,1,0,30.61,1
176.09,1896,4,0,0,0,0,41.29,0
196.11,1163,7,0,0,0,0,31.66,1
57.21,1182,5,0,1,1,0,5.38,0
9.76,342,6,1,1,0,2,45.44,1
116.23,1776,3,0,0,0,2,38.56,0
109.93,2858,3,1,0,1,2,64.93,1
88.1,2751,3,0,1,0,1,16.37,0
161.31,3943,4,0,0,0,0,4.58,0
23.37,188,8,0,0,0,1,48.16,1
406.62,3049,4,0,0,0,0,46.72,0
28.12,3186,5,0,0,0,0,44.71,0
130.88,1762,8,0,0,0,1,109.0,1
14.61,1153,2,0,0,0,0,1.27,0
28.87,1447,7,1,0,0,0,4.5,1
261.06,2739,8,0,0,0,0,9.6,0
52.73,3452,8,0,0,0,0,51.97,0
142.01,2581,2,0,0,0,0,68.47,0
82.54,2071,3,0,0,0,1,31.74,0
60.68,2620,3,0,0,0,0,45.76,0
227.57,310,6,0,0,0,1,15.47,0
53.89,2444,4,0,0,0,0,12.21,0
13.43,197,2,0,0,0,0,6.4,0
32.37,3837,4,0,0,0,0,45.63,0
109.52,3560,7,0,0,0,1,65.15,0
95.2,2048,6,0,0,0,1,8.58,0
16.28,1515,7,0,0,0,0,14.66,0
34.75,2937,5,0,0,0,0,19.72,0
39.51,2561,3,0,0,0,2,9.99,0
47.99,2830,7,0,0,0,0,38.2,0
19.33,2076,5,0,0,0,0,22.31,0
37.88,967,8,0,1,0,0,72.91,0
34.61,320,3,1,0,0,1,15.68,0
133.54,1154,3,1,0,0,0,55.61,1
138.13,2130,5,0,0,0,0,6.93,0
58.49,1713,3,0,0,0,0,17.54,0
46.86,2040,5,0,0,0,1,32.84,0
75.64,1132,6,0,0,0,1,38.46,0
31.98,3753,5,1,1,0,1,80.45,1
23.76,1485,6,0,0,0,0,37.39,0
28.61,3389,5,0,1,0,0,37.84,1
37.66,1582,7,0,0,0,0,12.38,1
23.4,1791,4,0,0,0,2,14.06,0
77.16,2427,3,0,0,1,0,19.44,0
128.6,1074,7,0,0,0,0,28.86,0
15.98,902,5,1,0,0,0,26.65,1
68.21,1535,5,0,0,0,0,38.7,0
54.71,3223,3,1,0,0,0,74.56,0
90.68,604,4,0,0,0,0,29.94,0
65.91,1767,7,1,1,0,1,50.69,1
18.03,2698,10,1,0,0,1,13.91,1
21.41,2833,4,0,0,0,0,81.97,0
68.48,1754,2,0,0,1,0,29.14,0
168.33,353,2,0,0,0,0,81.09,0
9.09,93,7,0,0,1,0,23.75,0
91.03,1895,5,0,0,0,0,20.75,0
194.54,3245,6,0,0,1,0,17.17,0
58.11,142,6,0,0,0,0,10.69,0
109.42,3553,7,0,0,0,0,58.73,0
35.42,2713,5,1,0,0,1,14.65,1
59.89,61,2,1,1,0,1,37.78,0
15.51,1394,5,0,0,0,0,9.58,0
8.09,905,4,0,0,0,0,97.58,1
155.79,3798,3,0,0,0,1,59.7,1
27.48,2232,7,0,0,0,0,56.92,0
44.26,1316,7,1,0,0,0,33.18,1
19.15,1133,1,1,0,0,0,26.57,0
18.75,2268,7,0,0,0,0,18.32,0
57.03,50,4,0,0,0,0,80.13,0
34.58,1051,4,0,0,0,0,6.76,0
93.71,686,5,0,0,0,0,46.32,0
100.21,2491,5,0,0,0,0,15.25,0
89.01,2686,3,0,0,0,0,9.53,0
82.66,1884,5,0,0,0,0,21.96,0
275.89,585,4,0,1,0,0,22.25,0
25.51,1501,4,1,0,0,0,39.31,1
63.47,3376,5,0,0,0,0,64.05,1
184.83,838,6,0,0,0,0,25.86,0
208.11,678,6,0,0,0,0,4.82,0
18.55,472,7,1,0,0,0,14.25,0
50.34,3272,3,0,0,0,0,25.57,0
226.4,505,4,1,0,0,1,20.13,1
105.35,2339,5,0,0,0,0,46.36,0
79.5,3996,8,1,0,0,0,38.13,0
54.82,2577,5,0,0,0,0,52.34,0
47.21,1666,5,0,0,0,2,2.52,1
86.44,851,3,0,1,0,0,60.3,0
53.14,37,10,0,0,0,0,5.35,0
64.18,647,6,0,1,0,0,43.8,1
71.57,3813,7,0,0,0,0,71.19,0
36.22,600,3,0,0,0,0,2.08,0
107.65,109,9,0,0,1,0,26.77,1
918.57,3269,6,0,0,0,0,20.25,0
13.47,1691,5,0,0,0,0,8.51,0
89.27,1447,2,0,1,0,0,2.1,0
33.64,2878,7,1,0,0,1,61.17,1
112.13,2106,4,0,1,0,1,9.05,1
69.54,3660,3,0,0,0,0,150.34,1
132.38,1886,4,1,0,0,0,9.83,0
192.09,2860,5,0,0,0,0,10.63,0
79.3,3519,6,0,0,0,2,0.97,1
184.72,1870,4,0,1,0,0,9.02,0
8.09,1158,5,0,0,0,0,12.55,0
279.05,3898,2,0,0,1,1,27.63,0
93.46,930,6,0,1,0,1,43.85,1
175.93,186,2,0,0,0,0,17.32,0
22.24,2325,4,0,0,1,0,43.45,0
31.57,3947,6,0,0,0,1,88.33,1
76.05,373,10,0,1,0,0,22.82,1
65.67,3402,4,0,0,0,0,18.2,0
86.04,3326,5,0,0,0,0,10.64,0
176.98,3717,4,0,0,0,0,28.21,0
13.62,1703,4,1,0,0,1,79.35,1
160.2,1041,3,0,1,0,1,27.1,0
67.19,2063,7,0,0,0,2,44.68,0
55.51,595,7,0,0,0,1,28.4,0
17.74,3376,5,0,0,0,0,26.49,0
104.87,2663,5,0,0,0,0,133.41,1
7.59,1948,5,0,0,0,0,37.43,0
119.53,2077,6,0,0,0,0,55.63,0
17.41,2857,6,0,0,0,2,41.6,0
69.97,2106,4,0,0,0,1,27.65,0
59.9,3364,4,0,0,0,1,16.77,0
191.06,3700,3,0,0,0,0,78.02,0
56.78,3800,1,0,0,0,0,4.4,0
35.7,2491,5,0,0,0,1,14.73,1
42.27,2977,7,0,0,0,2,14.99,1
209.68,1264,4,0,0,0,1,58.4,0
108.06,181,4,0,0,0,0,80.52,0
47.13,1618,6,0,0,0,0,7.29,0
53.9,3490,8,0,0,0,2,24.44,0
16.27,559,2,1,0,0,0,57.11,0
94.6,2196,5,0,0,0,0,15.82,0
13.68,793,4,0,0,0,3,44.26,1
131.19,1734,7,0,0,0,1,23.4,1
74.87,599,3,0,0,0,1,111.65,0
571.5,2946,3,0,0,0,1,17.09,0
24.78,3246,8,0,0,0,1,49.9,0
60.8,3040,5,0,0,0,0,19.61,0
336.45,2828,5,0,0,0,0,32.08,0
194.85,963,4,0,0,1,0,8.21,1
35.64,2135,6,0,0,0,1,44.56,0
81.58,445,5,0,0,0,0,64.94,0
66.81,1516,3,0,0,0,0,6.75,0
85.95,2038,3,0,0,0,2,13.96,0
35.56,2683,5,0,1,0,0,60.22,0
61.54,414,5,0,0,0,1,20.97,0
15.83,3257,7,1,0,0,1,25.81,1
75.31,1851,4,0,0,0,0,9.75,0
99.98,3528,5,0,0,0,0,65.93,0
54.34,2124,8,0,0,0,1,8.23,0
15.59,2201,2,0,0,0,1,25.8,0
162.34,2779,4,0,0,0,1,16.81,0
92.58,3284,8,0,0,0,0,51.21,1
34.69,655,4,1,0,0,1,135.11,1
51.8,2059,2,0,0,0,0,4.96,0
17.28,148,7,0,0,0,0,15.8,0
26.5,1913,6,0,0,0,1,20.59,0
41.1,3259,6,0,0,0,0,7.86,0
201.46,3465,4,0,0,0,0,28.17,0
37.5,1155,5,1,0,0,1,54.65,1
118.65,1563,8,0,0,1,0,34.66,1
41.08,2219,4,0,0,0,0,45.48,1
83.36,1601,3,0,0,0,0,14.85,0
58.72,736,4,0,0,0,0,45.87,1
146.31,1240,5,1,0,0,0,33.75,0
41.21,1634,4,0,0,0,0,9.29,0
16.2,2089,4,0,0,1,0,29.45,1
19.23,3685,4,0,0,0,0,16.87,0
41.32,2193,5,0,0,0,0,179.21,1
21.67,1566,8,0,0,0,0,57.3,0
96.47,2652,8,0,0,0,0,32.2,1
43.85,3099,4,0,1,0,1,73.82,1
565.18,1739,6,0,0,0,0,46.69,1
13.96,1972,2,0,0,0,0,9.44,0
80.1,894,4,0,0,0,0,89.57,0
24.16,3463,1,1,0,1,1,7.24,1
42.77,3471,3,0,0,0,0,81.95,0
75.74,724,1,0,1,0,0,34.43,0
8.22,1403,7,1,0,0,0,28.1,1
82.53,1109,8,1,0,0,1,14.5,1
369.67,3694,3,0,0,0,1,35.87,0
44.34,288,4,0,0,0,1,44.58,0
84.25,853,8,1,0,0,0,41.85,1
167.74,1280,1,0,1,0,0,34.06,0
57.54,2253,5,0,0,0,1,25.06,1
39.53,1018,4,0,1,0,0,48.66,1
8.6,2160,8,1,0,0,0,20.53,0
118.73,2996,5,0,0,0,1,27.1,0
60.23,3319,8,0,0,0,0,39.63,0
26.8,423,2,1,0,0,1,29.18,0
74.73,581,3,0,0,0,1,7.36,0
39.44,407,4,0,0,0,0,34.35,0
41.45,3642,6,0,0,0,0,34.49,0
115.08,2618,2,0,0,0,0,32.21,0
19.99,2139,2,0,0,0,0,25.38,0
171.16,3169,7,0,1,0,0,22.01,1
18.96,2356,7,0,0,0,0,29.74,0
36.73,964,5,1,0,0,0,14.74,0
376.4,2055,3,0,0,0,1,77.4,0
183.94,2821,5,0,0,0,2,40.31,0
72.81,173,4,0,0,0,0,37.1,0
28.6,2437,5,0,0,0,2,63.99,1
41.42,2003,9,0,0,0,0,12.97,0
71.23,305,2,0,0,0,1,19.14,0
68.98,1076,5,0,0,0,0,17.77,0
61.45,1810,5,0,0,0,0,38.46,0
64.86,1390,4,0,0,0,1,12.51,0
54.99,1181,6,0,0,0,0,51.69,0
18.21,2606,3,0,0,0,1,37.61,0
41.89,1635,3,0,0,0,0,16.82,0
151.89,2005,3,1,0,0,0,8.33,0
19.46,3199,5,0,0,0,0,36.81,0
56.23,400,3,0,0,0,1,5.41,0
31.89,1458,3,1,0,0,0,15.55,0
73.72,319,5,0,1,0,0,26.49,0
47.0,3711,8,1,1,0,0,24.95,1
252.06,767,6,0,0,0,0,17.26,0
105.21,3284,6,1,0,0,0,49.46,0
20.48,787,5,1,1,0,0,13.79,0
122.01,1316,5,1,0,0,0,17.05,0
33.21,2444,3,0,0,1,0,31.73,0
39.67,3330,4,1,0,1,0,31.81,0
88.45,735,6,0,1,0,0,9.79,1
42.84,876,2,0,0,0,0,30.57,0
148.94,3530,4,0,0,0,0,18.8,0
33.21,1308,3,0,0,0,1,17.79,0
38.2,862,4,1,0,0,1,36.04,0
36.94,2981,5,0,0,0,2,12.34,0
40.08,391,6,0,0,0,0,23.81,0
179.34,3471,7,0,0,0,1,27.67,0
117.44,3506,1,0,0,1,0,36.45,0
310.74,3430,12,0,0,1,0,16.19,0
513.31,1202,1,0,0,0,0,42.24,0
26.37,483,4,0,0,0,0,50.77,0
71.05,1718,9,0,0,0,0,49.96,0
23.14,1358,5,0,0,0,0,9.23,0
33.12,3837,4,0,0,0,1,49.0,0
37.82,2537,3,0,0,0,0,50.49,0
25.75,3779,2,0,1,0,0,88.26,0
25.88,3010,7,1,1,0,0,10.45,1
58.57,2868,5,1,0,1,0,71.15,1
22.31,474,4,1,0,0,1,5.26,0
142.3,303,3,1,0,0,1,51.73,0
29.2,214,2,0,0,0,0,58.93,0
835.99,2385,2,0,0,0,0,50.19,0
44.42,830,12,1,0,0,0,7.12,1
71.15,3956,3,0,0,0,0,68.05,0
20.78,556,2,1,1,0,0,127.19,1
309.66,3789,5,0,0,0,0,11.8,0
182.65,2680,4,1,1,0,0,22.58,0
87.11,450,3,0,1,1,1,15.84,0
19.84,262,8,1,0,1,0,44.49,1
80.61,1601,2,0,0,0,1,19.99,0
24.31,1375,9,0,0,1,0,46.4,1
248.67,1282,2,1,1,0,0,25.35,1
138.14,2128,5,0,0,1,0,31.98,0
72.67,545,5,0,0,1,1,28.68,0
7.44,543,4,0,0,0,0,5.45,0
27.52,2788,5,0,0,0,0,30.78,0
123.84,3961,5,0,0,0,0,7.35,0
198.66,1117,7,0,0,0,0,8.58,0
180.96,3729,7,0,1,0,0,68.99,1
15.91,1399,6,0,0,0,0,43.82,0
87.48,1363,3,1,1,0,0,41.32,1
166.33,388,6,0,0,0,0,31.15,0
14.99,1710,4,0,1,0,1,112.27,1
66.21,2006,5,0,0,0,0,30.56,0
85.32,2665,4,0,0,0,1,26.67,0
50.87,657,5,0,0,0,1,25.95,0
12.59,779,4,0,0,1,1,61.39,1
49.74,1745,4,0,0,0,1,29.46,0
49.67,306,8,0,0,0,1,36.11,1
58.37,599,3,1,0,0,0,64.67,1
40.16,2527,6,0,0,0,0,42.03,0
44.76,3816,6,0,0,0,0,54.13,0
64.35,2304,5,0,1,0,0,15.73,0
99.31,605,3,1,0,1,0,10.56,1
50.7,3964,5,0,0,0,0,78.69,0
46.12,2101,5,0,0,0,0,52.86,0
72.47,2875,4,0,0,0,0,45.25,0
11.84,812,6,0,0,0,0,37.92,0
102.45,2326,3,0,0,1,0,29.08,0
66.65,333,5,0,0,0,1,16.25,0
69.11,2514,8,1,0,0,0,15.79,1
158.33,833,4,0,0,0,2,10.37,0
11.5,3640,6,0,0,0,0,7.48,0
11.29,247,5,1,0,0,0,13.56,0
85.32,2620,5,0,0,0,2,21.61,0
66.26,583,4,0,0,0,1,78.28,0
77.72,2757,4,0,0,0,0,7.16,0
44.0,1989,3,0,0,0,0,32.02,0
121.26,3870,9,0,0,0,0,83.48,1
154.37,2617,8,0,0,0,0,61.06,1
103.09,1506,3,0,0,1,0,29.58,1
52.73,376,5,0,0,0,0,16.71,0
10.0,2395,5,1,0,1,1,3.96,1
133.26,1780,4,0,0,0,2,32.75,0
200.25,238,1,0,0,0,0,48.1,1
119.12,2337,9,0,0,0,0,17.06,1
30.21,863,3,0,0,0,1,64.02,1
122.29,959,6,0,1,1,0,26.95,1
144.67,65,6,0,0,0,0,36.83,1
271.22,1507,5,0,0,0,1,29.61,0
30.31,896,1,0,0,0,0,63.43,0
54.39,315,4,0,0,0,0,64.83,0
130.65,1754,4,1,0,0,0,43.18,0
70.22,903,5,0,0,1,1,23.44,0
24.4,562,4,0,1,0,1,28.75,0
96.85,1883,5,0,0,0,0,115.61,0
112.26,281,5,0,0,0,1,86.79,1
72.18,3962,9,0,0,0,0,30.8,0
81.26,1899,5,0,0,0,0,10.98,0
52.83,3985,3,0,0,0,2,56.39,0
252.26,3528,2,0,0,0,0,20.12,0
29.65,3919,5,1,0,0,1,75.76,1
39.31,2184,3,0,0,0,0,16.89,0
67.35,1709,3,0,0,1,0,20.32,1
147.09,2887,3,1,0,0,0,9.9,0
17.33,350,3,0,0,0,0,97.47,1
20.51,3365,4,0,0,1,0,13.05,0
10.66,1314,3,0,0,0,1,53.27,0
68.68,59,4,1,0,1,0,25.72,1
24.37,973,6,0,0,0,1,20.58,0
47.18,992,3,0,1,0,1,19.61,1
120.93,86,8,0,0,0,0,74.69,1
37.44,2684,2,0,0,0,0,159.59,1
82.12,408,8,1,0,0,0,69.18,1
50.94,3391,10,1,1,0,0,5.2,1
122.11,1829,6,0,1,0,0,53.46,1
102.27,2881,6,0,0,0,0,25.87,0
35.78,1378,5,0,0,0,0,27.14,0
57.3,554,6,0,0,0,0,34.68,0
170.61,746,6,0,0,0,0,29.85,0
95.02,2594,7,0,0,0,1,43.28,0
18.97,2872,5,0,0,0,1,24.94,0
120.31,1092,6,1,1,0,1,57.37,1
25.12,1447,3,0,0,0,0,31.58,0
237.76,3781,5,0,0,0,1,32.08,1
167.62,3411,3,1,0,0,0,29.42,0
86.57,1669,2,0,0,0,0,53.32,0
76.82,986,6,0,0,0,1,21.7,1
55.25,1226,9,0,0,0,1,43.38,0
122.81,2167,5,1,1,0,0,32.81,0
47.77,2280,2,0,0,0,0,75.49,0
82.44,761,2,0,0,0,1,22.85,0
146.17,291,8,0,0,0,1,58.21,1
40.22,1996,6,0,0,0,1,37.95,0
38.3,3195,5,0,0,0,0,71.61,0
22.76,635,4,0,0,0,0,31.98,0
25.58,1651,8,0,0,0,0,21.09,0
12.86,671,3,0,0,1,0,20.93,0
128.62,991,6,0,0,0,0,35.3,0
339.69,2460,6,1,0,0,1,30.0,0
240.52,1166,5,0,0,0,0,22.18,0
15.43,1077,7,0,1,0,0,35.89,1
128.04,3982,7,0,0,0,0,1.92,0
239.82,714,5,0,1,0,0,26.12,1
44.21,781,3,0,1,0,1,30.76,0
73.06,3721,7,0,0,0,0,6.5,0
10.95,2214,5,0,0,0,0,12.32,1
84.78,200,9,0,0,0,0,13.07,1
25.61,1717,7,1,0,0,0,28.75,1
79.81,2273,9,1,0,0,1,24.63,1
16.36,1035,3,0,0,0,0,24.91,0
108.7,2206,3,1,0,0,0,6.6,0
167.68,2604,10,0,0,0,1,61.86,0
32.95,1024,6,0,0,0,0,73.3,1
23.97,3255,8,0,0,0,0,8.61,0
9.58,1827,2,0,0,0,0,23.58,0
52.47,3854,7,0,0,0,0,24.46,1
39.51,378,6,1,0,0,0,40.2,1
16.51,1317,5,0,0,1,0,20.88,1
100.25,2893,5,0,0,0,0,57.82,0
44.48,3582,6,0,0,0,1,11.52,0
25.33,910,2,1,1,0,0,48.32,1
40.48,3921,12,1,0,0,0,39.31,1
174.89,797,5,0,0,0,0,9.68,0
114.74,1682,7,0,0,0,0,22.74,0
59.32,1280,6,0,0,0,0,10.76,0
116.42,1714,8,1,0,0,0,101.82,1
23.46,3612,7,0,0,0,0,26.34,0
68.66,2938,6,0,0,0,0,20.38,0
76.14,3191,4,0,0,0,0,5.44,0
43.69,1038,4,0,0,0,0,37.66,1
98.68,3789,10,0,0,0,0,22.38,1
33.04,1759,4,1,0,0,0,47.91,0
105.51,2618,4,0,0,0,0,81.93,0
109.58,2799,5,0,1,1,0,52.72,1
4.83,2661,3,0,0,0,1,12.44,0
194.66,2419,5,0,0,0,0,20.58,0
4.29,1935,6,0,0,0,1,8.82,1
38.3,2601,7,0,0,0,0,16.67,0
167.81,3623,6,0,0,0,1,59.99,1
50.12,1577,4,0,0,0,0,17.75,0
17.82,2058,5,0,0,0,0,48.28,0
24.92,744,7,0,1,0,0,19.57,1
168.04,1439,10,1,0,1,0,51.98,1
11.83,3095,7,0,0,0,1,12.17,0
184.21,2572,7,0,0,0,0,10.15,0
63.46,868,11,1,0,0,2,101.21,1
22.8,2198,7,1,0,0,0,13.26,0
39.46,3253,6,0,0,0,0,61.04,1
26.7,522,3,0,0,0,2,42.71,0
145.42,275,6,0,0,0,0,16.13,1
128.92,1589,4,0,0,0,0,16.31,0
14.19,2636,9,0,0,0,0,23.43,0
46.38,1273,9,0,0,0,0,61.93,1
30.67,3289,4,0,0,0,0,20.23,0
213.61,3391,5,0,0,0,0,48.06,1
19.78,2144,2,0,0,0,0,39.0,0
282.54,1534,7,0,1,0,0,39.91,1
64.72,195,5,0,0,0,1,103.55,1
23.44,3291,4,0,1,1,1,45.32,1
36.25,3584,4,0,0,0,0,39.48,0
32.41,1786,2,0,0,0,0,5.46,0
21.18,2080,6,0,0,0,0,73.2,0
72.63,3021,1,1,0,0,1,52.87,0
22.08,2790,5,1,0,1,2,38.38,0
9.37,567,3,0,0,0,0,23.29,0
47.38,2699,6,1,1,1,0,5.79,1
13.16,3700,6,0,0,0,0,44.56,0
33.89,3010,9,0,0,0,0,30.33,0
29.42,1937,5,0,0,0,0,98.33,0
30.44,2106,5,0,1,0,1,48.25,1
403.78,1061,7,0,0,0,1,33.43,1
70.16,2653,4,0,0,1,0,118.99,1
83.17,988,8,1,0,0,1,30.22,1
13.48,1387,4,1,0,0,0,92.7,0
37.02,1082,5,1,0,0,2,4.44,1
80.95,1361,8,0,0,0,1,134.7,1
26.52,1485,4,1,1,0,0,61.68,1
151.0,359,5,0,0,1,0,14.56,1
22.59,2878,2,0,0,0,0,110.58,0
51.54,1780,4,0,0,0,0,3.11,0
39.35,3799,5,1,0,0,0,10.44,0
77.32,748,3,0,0,0,0,43.49,0
37.47,2686,4,0,1,1,2,73.55,1
52.26,741,6,1,0,0,0,38.77,0
53.92,2202,4,0,0,0,1,6.26,0
34.43,1978,5,0,0,0,0,15.94,0
103.19,1810,8,0,1,0,0,19.88,0
82.64,2629,4,0,0,0,0,42.06,0
61.57,3317,6,0,0,0,0,27.62,0
45.27,1287,3,0,0,0,0,69.55,0
136.58,3403,3,0,0,0,1,5.77,0
53.93,763,7,0,0,0,0,48.46,1
50.6,1193,4,0,0,0,0,10.53,0
73.28,1263,8,0,0,0,0,82.89,0
307.02,3815,3,0,0,0,1,48.89,0
19.96,500,3,0,0,0,0,27.64,0
133.34,1598,7,0,0,0,0,22.57,0
12.14,1715,5,0,0,0,0,40.64,0
81.09,3206,4,0,0,1,0,68.06,1
275.22,1959,5,1,0,0,0,39.16,1
103.52,3868,5,0,0,0,0,27.5,0
77.75,2969,3,0,0,0,0,13.26,0
40.27,2823,9,0,1,0,1,26.52,1
68.58,3019,5,0,0,0,0,68.4,0
53.15,671,6,0,0,0,1,54.41,0
32.87,1812,4,1,1,0,0,74.92,0
51.37,2356,4,0,0,0,0,12.6,0
79.72,857,2,0,1,0,0,6.17,0
33.43,501,5,0,0,0,0,50.96,0
32.28,568,8,0,0,0,0,8.04,1
19.6,3162,4,0,0,0,0,74.86,0
94.79,2637,8,0,1,0,1,52.12,1
108.94,1146,7,0,0,0,1,38.29,0
82.15,2956,7,0,0,0,0,11.0,0
158.96,2790,5,1,0,0,0,30.44,0
72.17,3271,3,0,0,0,0,26.55,0
94.9,3643,8,0,0,0,1,39.55,0
87.66,3532,3,0,0,0,0,90.95,0
61.41,748,11,0,0,0,0,12.82,0
41.36,3083,4,0,0,0,0,23.28,0
489.18,1589,2,0,0,0,1,28.12,0
44.4,1630,2,0,0,0,0,78.09,1
36.62,2599,4,1,0,0,1,32.98,0
98.55,2420,3,0,0,0,0,48.62,0
83.65,1696,6,0,0,0,0,82.45,1
18.83,3997,5,0,1,0,1,38.19,1
183.17,724,5,0,0,0,0,23.54,0
61.27,414,4,0,0,0,0,71.34,0
24.54,145,4,0,0,0,1,88.75,1
194.4,3262,6,0,0,0,0,45.91,0
117.11,1644,8,0,0,0,1,17.42,0
21.37,1766,5,0,0,0,0,21.65,0
330.12,2607,10,0,0,0,0,88.14,0
120.65,1758,5,0,0,1,0,52.01,1
66.08,2308,4,0,0,0,0,24.77,0
279.0,262,8,1,0,0,1,5.22,1
76.97,650,4,0,0,0,0,52.82,0
65.02,3730,7,0,0,1,0,46.12,1
36.81,1819,8,0,1,0,0,52.11,0
112.58,694,6,0,0,0,0,15.2,0
102.41,1496,3,0,0,0,0,23.63,0
67.57,1359,6,1,0,0,1,65.06,1
32.75,1118,3,0,0,0,0,1.84,0
74.96,1195,4,0,0,0,0,23.41,0
62.63,2925,4,0,0,0,0,7.34,0
20.08,453,5,0,0,0,1,13.55,0
17.73,1259,7,0,1,1,1,58.4,1
110.9,1887,7,0,0,1,0,27.2,0
6.41,2174,5,0,0,0,0,11.27,0
80.23,3525,7,0,0,0,0,43.42,1
43.37,3695,2,0,0,0,1,18.71,0
216.46,1210,5,0,0,0,0,26.34,0
42.77,2170,5,1,0,1,0,35.09,0
120.73,118,3,0,0,0,0,75.22,0
46.65,2479,6,0,0,0,1,35.09,0
73.87,637,6,1,0,0,1,22.11,0
129.43,320,4,0,0,0,1,41.67,0
43.98,2696,6,0,0,0,1,43.72,0
163.51,737,10,0,0,0,0,20.42,1
27.27,1925,6,0,0,0,0,27.19,0
86.93,430,3,1,0,0,1,29.65,0
152.99,2990,5,0,0,0,0,66.68,1
120.79,3066,4,0,0,0,0,2.08,0
374.2,2311,5,0,0,0,0,39.99,0
33.55,3348,4,0,0,0,0,55.39,1
19.27,1764,2,0,0,0,0,65.26,0
27.25,770,5,0,0,0,0,6.74,0
120.83,630,10,0,1,0,0,6.5,1
104.39,900,5,0,0,0,0,17.94,0
73.11,825,3,0,0,0,0,49.34,0
24.27,1313,4,0,0,0,0,59.91,0
132.98,880,1,0,0,0,0,5.5,0
22.15,2376,2,0,0,0,0,35.77,0
189.25,618,4,0,0,0,0,57.64,0
872.79,2498,5,0,0,0,0,21.26,1
92.74,1356,2,0,0,0,1,37.96,0
112.71,2756,7,1,0,0,0,9.63,0
42.8,2066,7,1,0,0,1,45.81,1
13.08,3623,5,0,0,0,0,25.96,0
38.77,1776,3,0,0,0,2,23.81,0
24.94,1201,3,1,0,0,0,36.73,1
18.13,2368,4,0,0,0,0,4.55,0
314.23,2645,8,0,0,0,0,18.49,0
85.25,1773,5,0,0,0,0,57.67,0
93.85,2252,3,0,0,0,0,5.43,0
50.5,1899,2,0,0,0,1,6.21,0
57.08,1244,7,0,0,1,0,20.26,0
158.87,1274,6,0,0,0,2,29.42,0
64.77,3632,3,0,0,1,0,35.14,0
107.51,2711,9,0,0,0,0,97.8,1
55.9,409,5,0,0,0,0,36.12,0
49.01,3849,4,1,0,0,0,39.75,0
18.8,2856,3,0,0,1,0,65.45,0
11.25,229,4,0,0,0,0,14.36,0
52.7,2919,5,0,1,0,0,40.85,0
70.16,2370,2,0,0,0,0,48.93,0
20.96,3663,7,0,0,0,2,44.12,1
64.65,1972,3,0,0,0,0,35.2,0
69.99,2088,6,0,1,0,0,33.3,0
9.58,1279,4,1,0,0,0,11.31,1
29.26,1306,4,0,0,0,1,22.22,0
96.21,2483,7,0,0,1,0,82.4,0
94.48,3316,7,1,1,0,0,18.1,0
23.61,3565,4,0,1,0,1,30.91,0
76.91,3090,4,0,0,0,1,29.35,0
167.36,2450,5,0,0,0,0,40.88,0
134.2,2016,8,1,0,0,0,29.15,1
61.21,1378,6,0,0,0,1,25.48,1
43.76,3078,11,0,0,0,0,56.34,1
37.85,1293,6,0,0,0,0,36.07,1
101.6,1093,4,0,0,0,0,33.35,0
79.49,3475,5,0,0,0,0,19.2,0
117.5,2370,5,1,0,0,0,22.74,0
75.09,1436,7,0,0,0,1,37.17,1
139.34,3464,9,1,0,0,1,60.26,1
72.61,3851,6,0,0,1,0,74.7,0
135.13,1292,2,0,0,0,0,39.47,0
146.02,2100,4,0,0,0,1,109.66,1
32.33,1949,4,0,0,1,0,24.35,0
13.1,2815,4,0,0,0,0,24.22,0
267.51,3805,12,0,0,1,1,68.58,1
84.01,2207,5,0,0,0,0,34.49,0
14.25,3198,5,0,0,0,0,19.73,0
35.08,2394,2,0,0,0,0,30.18,0
133.58,3551,6,0,0,0,0,12.78,0
51.85,1636,4,0,0,0,0,26.72,0
42.06,1559,5,0,1,0,0,11.44,1
235.28,1707,5,0,0,0,1,12.76,0
25.98,3986,8,1,0,0,0,36.87,0
32.51,2457,4,0,0,0,0,3.05,0
80.66,635,5,0,0,1,0,11.57,0
94.77,192,6,0,0,0,1,16.04,0
104.24,2089,4,0,1,0,0,22.02,1
151.43,3228,4,0,0,0,1,46.06,0
79.74,1932,6,1,0,0,1,21.38,1
103.59,2254,4,0,0,0,1,80.41,0
52.81,3199,4,1,0,0,0,17.91,1
70.56,2079,6,0,0,0,0,3.41,0
73.46,3637,3,1,0,0,1,12.25,0
80.93,2562,5,0,0,0,0,36.48,1
133.66,2932,7,0,0,0,0,12.72,0
109.91,3132,3,1,1,1,0,17.5,0
69.39,2518,5,0,0,0,0,68.2,0
32.19,228,3,0,0,0,1,82.7,1
70.87,1726,6,0,0,0,0,8.19,0
65.03,591,3,0,0,0,1,25.27,0
79.35,2055,8,1,0,1,0,35.84,1
485.84,598,3,0,0,0,0,58.14,0
41.62,2051,2,0,0,1,0,21.19,0
97.52,1395,5,0,1,0,0,35.62,0
174.45,110,3,0,1,0,0,65.39,0
72.84,525,4,0,0,0,0,30.9,0
546.79,2027,7,0,0,0,0,1.49,0
47.45,342,6,0,0,0,0,25.07,0
89.27,3428,3,0,0,0,0,14.97,0
32.49,3042,6,0,0,0,0,15.91,0
48.6,2845,4,0,0,0,1,17.06,0
83.43,713,6,0,1,0,3,2.95,1
142.83,3188,8,0,0,0,0,78.91,1
88.87,2549,7,0,0,0,0,60.75,0
207.1,1580,5,1,0,0,0,87.13,0
61.22,31,3,0,0,0,0,115.27,1
49.45,2130,3,0,0,0,0,34.67,0
760.2,3189,5,0,0,1,0,19.49,1
95.09,162,3,0,1,0,1,42.25,1
34.9,238,4,0,0,0,2,43.6,1
35.7,1550,9,0,0,0,0,19.43,0
28.55,2060,6,0,0,0,1,18.96,0
154.92,1913,5,0,0,0,1,28.13,0
48.04,1722,4,0,0,1,0,17.79,0
74.79,1043,2,0,0,0,0,43.93,0
62.98,267,5,0,0,0,1,9.89,0
128.81,154,6,0,0,0,0,51.12,1
31.12,422,8,1,0,0,1,73.34,1
25.33,2770,5,0,0,0,1,83.66,0
81.6,3150,4,0,0,0,2,127.11,1
114.53,1757,3,1,0,0,0,44.44,1
89.95,337,3,0,0,0,0,8.24,0
32.18,1680,3,0,0,0,1,32.77,1
122.7,3943,5,1,0,1,2,109.08,1
34.14,1022,7,1,0,0,0,81.91,1
41.7,1979,4,0,0,0,0,23.96,0
28.52,2165,5,0,0,0,0,4.02,0
215.09,1339,6,0,0,0,1,42.79,0
117.93,1768,9,1,0,0,1,7.71,0
114.95,1902,6,1,0,0,1,41.91,1
204.89,1911,6,0,0,0,0,45.65,0
838.31,2879,3,1,0,1,0,79.21,1
14.32,2336,3,0,0,0,1,4.57,0
34.31,241,5,0,0,0,0,58.55,1
38.3,55,6,0,0,0,1,28.34,0
31.01,1660,6,0,0,1,0,93.65,1
25.28,3633,3,1,0,0,0,55.84,0
50.92,176,6,0,0,0,0,34.88,0
22.31,312,4,0,0,0,0,14.53,0
90.16,2726,4,0,0,0,0,30.64,0
69.86,1820,5,0,0,0,0,68.73,0
102.81,945,8,0,0,0,0,30.79,0
105.31,853,7,1,0,0,0,30.01,0
114.74,2670,7,0,0,0,0,31.25,0
47.65,2109,4,0,0,0,0,19.52,0
449.9,2563,7,0,0,0,0,13.13,0
82.35,1142,4,0,0,1,0,15.09,0
12.48,2119,3,1,0,0,1,33.47,1
27.05,3444,3,0,0,0,1,60.53,0
13.92,1286,7,1,0,0,0,37.06,1
67.73,1603,3,0,0,0,1,69.66,1
59.76,680,3,0,0,0,1,82.9,1
43.75,2565,6,1,0,0,0,113.83,1
407.42,159,4,1,1,0,0,107.13,1
109.3,1018,5,0,0,1,1,8.82,1
128.19,2860,9,0,0,0,0,48.11,0
28.85,107,3,0,0,0,1,22.38,0
27.13,3956,4,0,0,0,0,15.72,0
68.93,1634,5,1,1,0,0,26.64,1
77.92,1612,5,0,0,0,0,89.08,1
12.54,2159,7,0,0,0,0,68.96,0
56.7,2567,5,0,0,0,0,33.74,0
67.54,1854,6,0,0,0,1,53.87,0
54.95,3540,6,0,0,0,0,43.46,1
32.07,3849,8,0,1,0,0,26.69,0
41.03,825,3,1,0,0,0,17.7,1
56.87,2836,9,0,0,0,0,30.61,0
72.36,1224,6,1,1,0,0,56.42,0
114.93,3982,4,0,0,0,1,96.11,0
176.4,1035,2,0,0,0,2,48.49,1
51.17,1201,5,0,0,0,1,20.67,0
44.23,2865,4,0,0,0,0,13.86,0
98.88,3162,1,0,0,0,0,42.33,0
115.56,540,4,0,0,1,0,4.75,0
45.12,2235,2,0,1,0,0,157.86,1
135.82,1402,6,0,0,0,1,47.81,0
161.04,2458,5,0,0,0,0,78.75,0
213.26,2240,4,0,0,0,0,65.98,1
330.46,3943,3,0,0,0,1,47.2,0
30.58,3736,4,0,0,0,0,45.03,0
67.53,2626,5,0,0,0,0,58.63,0
67.37,2727,7,0,0,0,1,24.79,0
61.05,3598,6,1,0,0,0,34.2,0
37.18,758,3,0,0,0,0,61.05,0
17.51,2911,3,0,0,0,0,8.8,0
72.49,3095,6,1,0,0,0,33.31,0
33.4,535,5,1,0,0,1,30.25,1
72.05,3528,10,0,0,1,0,4.4,0
32.63,2806,7,0,0,0,1,50.69,0
24.79,1408,4,0,1,0,0,39.37,1
82.34,1952,2,1,0,0,0,33.26,0
76.39,1973,5,0,1,0,0,69.42,0
112.32,3677,5,0,0,0,0,61.73,0
476.89,3877,4,1,0,0,0,65.13,1
85.59,3233,6,0,0,0,0,30.57,1
103.19,2619,6,0,0,0,1,24.19,1
25.28,443,5,0,0,0,0,38.68,0
20.94,3661,1,0,0,0,0,46.88,0
277.15,561,7,0,0,0,1,55.43,0
29.05,692,5,0,0,0,0,15.69,0
26.06,306,9,0,0,0,1,44.64,1
64.38,3792,6,0,0,0,1,75.08,1
61.49,1988,5,0,1,0,1,17.58,1
29.6,966,4,0,0,0,1,4.12,0
50.68,350,5,0,0,0,0,1.83,0
201.63,1665,6,0,0,0,1,23.97,0
32.29,2903,3,0,0,0,0,13.14,0
19.02,3978,6,0,1,0,0,49.14,0
155.76,2222,1,0,0,0,0,43.35,0
103.86,2440,5,0,1,0,0,5.44,0
38.15,3348,5,0,0,0,0,72.7,0
16.06,3610,4,0,0,0,0,18.96,0
34.12,1140,5,1,0,0,0,14.84,0
63.48,3967,8,0,0,0,1,41.72,0
190.4,2090,3,0,0,0,0,22.49,0
26.23,3722,2,0,0,0,0,38.97,0
61.8,496,9,1,1,0,0,29.44,1
122.44,416,2,0,0,0,0,78.52,0
7.82,3541,5,0,0,1,0,39.64,0
169.09,2700,4,0,0,0,0,26.73,0
23.01,724,7,0,0,1,1,32.39,1
89.91,3582,6,0,1,1,0,67.39,1
83.26,436,3,0,0,0,0,15.86,0
177.0,2738,7,0,0,0,0,51.1,0
109.49,844,4,0,0,0,0,33.83,0
7.85,310,6,0,0,0,0,34.67,1
32.91,3230,7,0,1,0,1,13.22,0
75.52,3394,7,0,0,0,0,24.09,0
55.95,450,3,1,0,0,1,20.25,1
102.5,399,5,0,0,0,0,33.7,0
135.7,2469,7,0,0,0,0,9.2,0
115.31,143,7,0,0,0,0,3.66,0
54.99,2992,5,0,0,0,0,22.36,0
12.66,3665,5,0,0,1,0,68.34,0
44.26,3011,3,1,0,0,0,47.81,0
97.0,945,5,0,0,0,1,31.07,0
24.99,784,4,1,0,0,1,14.1,0
117.7,2731,6,0,0,0,0,1.6,0
151.04,274,5,1,0,0,1,18.84,0
74.75,2164,6,0,0,0,0,27.78,0
4.23,1811,5,0,0,1,0,11.6,0
21.11,2986,4,0,0,0,0,45.24,0
364.15,833,6,0,0,1,1,44.41,0
40.78,3056,4,0,0,0,1,22.04,0
11.18,2806,1,0,0,0,1,29.14,0
202.7,977,5,0,1,1,0,28.65,1
67.49,1446,7,0,0,0,1,42.21,0
180.27,292,6,1,0,0,0,15.42,1
85.56,1813,4,0,0,0,1,149.55,0
100.76,1064,7,0,0,0,0,9.14,0
92.45,480,5,0,0,0,0,15.62,0
124.93,2252,3,0,1,0,1,37.73,1
517.85,2283,4,1,0,0,0,97.12,1
159.8,371,3,1,0,0,0,20.61,1
16.08,766,5,0,0,0,0,13.64,0
99.68,357,7,0,0,0,0,25.79,0
186.3,2725,2,1,0,0,1,52.15,0
196.85,1371,7,0,0,0,1,54.07,1
45.42,312,4,1,0,0,0,47.64,1
190.27,790,1,0,0,0,0,104.25,0
153.69,3904,13,0,0,0,0,54.27,1
675.37,1045,5,0,0,0,0,62.11,0
33.95,2747,5,0,0,0,0,66.47,0
42.24,1889,6,1,0,0,0,12.19,0
50.63,751,9,0,0,0,1,28.3,0
42.9,1250,8,0,0,1,0,15.88,0
29.93,85,5,0,0,0,1,17.2,0
5.55,2995,2,0,0,0,0,23.79,0
45.09,1357,2,1,0,0,0,41.46,1
92.98,2011,5,0,0,0,0,93.95,0
42.78,636,3,0,0,0,0,50.6,0
380.64,3302,7,0,1,0,2,44.25,1
67.49,897,1,1,1,0,1,24.24,0
213.14,2278,5,0,0,0,1,100.47,1
84.38,3494,3,0,0,0,0,8.47,0
140.3,2861,3,0,1,0,1,55.28,0
85.74,2424,7,0,0,0,0,4.1,0
228.58,3555,9,0,0,1,1,35.67,1
70.13,730,7,0,1,0,0,66.94,1
104.22,3855,2,0,0,0,0,32.68,0
92.73,2239,7,1,0,0,0,79.75,1
51.45,1657,5,0,0,0,0,14.06,0
96.01,1045,5,0,0,0,0,1.46,0
498.17,2987,5,1,0,0,0,9.18,0
52.28,3905,2,0,0,0,0,24.75,1
97.27,2769,3,0,0,0,0,41.61,0
206.85,160,4,1,0,0,0,18.56,0
186.09,1892,7,0,0,0,0,35.82,0
67.39,2937,3,0,0,0,0,48.02,0
7.81,1607,4,0,0,0,0,14.95,0
106.17,3098,5,0,1,0,0,15.36,1
9.05,2837,10,1,0,0,1,7.31,1
250.37,296,2,0,0,0,0,79.76,0
77.67,2245,6,0,0,0,0,81.08,0
163.97,712,7,1,1,0,0,35.54,1
29.61,1961,4,1,0,0,0,10.04,0
16.49,1555,7,0,0,0,0,90.87,0
84.33,3233,4,0,0,0,0,15.38,0
64.7,3476,7,0,0,0,0,7.72,0
42.85,1862,8,0,0,0,0,15.01,0
71.97,2161,5,1,0,0,1,13.33,1
804.88,2515,5,0,0,0,0,10.54,0
141.33,2631,5,0,0,0,0,18.33,0
171.49,2552,4,0,0,0,0,33.42,1
142.53,3138,5,0,0,0,1,54.8,0
252.53,3928,2,0,0,0,0,26.16,0
56.2,3317,3,0,0,0,0,26.31,0
10.49,564,6,0,0,0,1,25.64,0
56.28,1920,9,0,0,0,0,7.72,0
138.46,1861,4,0,0,0,0,53.78,0
27.86,2049,6,1,0,0,0,67.3,1
56.9,2127,6,0,0,0,0,87.92,0
35.78,2880,4,0,0,0,0,23.02,0
257.71,1701,5,0,0,0,1,84.34,1
130.91,1075,3,0,0,0,0,58.76,0
119.87,1846,10,0,0,0,1,11.16,1
116.68,3422,8,1,0,0,0,15.42,0
64.49,1266,6,0,0,0,0,33.97,1
79.66,112,5,0,0,0,1,26.3,0
22.95,3905,7,0,0,0,0,9.27,0
9.32,807,5,1,0,0,0,33.77,0
76.33,2423,2,0,0,0,0,34.43,0
89.26,3206,3,0,0,0,1,58.25,0
198.01,1119,4,0,0,0,0,19.91,0
274.29,1380,7,0,0,0,0,15.85,0
273.96,1143,6,0,0,0,0,7.18,0
27.16,624,2,0,0,0,1,38.72,0
48.57,637,5,0,1,0,0,35.34,0
102.75,771,7,0,0,0,0,96.07,1
651.13,1848,2,0,0,0,1,55.45,0
252.67,2137,5,0,0,0,0,20.03,0
182.63,93,4,0,1,0,0,32.06,0
47.04,3389,6,0,0,0,1,9.06,0
30.12,2713,7,0,0,0,0,22.86,0
135.64,310,6,0,0,0,0,36.53,0
24.76,3375,7,0,0,0,0,99.2,1
53.81,151,5,0,0,0,0,13.22,0
60.14,2255,7,0,0,0,0,78.0,0
279.67,1876,2,0,0,0,0,38.38,0
48.46,2023,2,0,0,0,0,54.55,1
7.42,3826,6,0,0,0,0,31.14,0
105.0,3710,6,0,0,0,0,17.16,0
35.55,1137,5,1,0,1,0,75.13,1
69.29,2331,5,1,0,0,1,21.48,1
61.68,3837,7,0,0,0,0,52.35,0
52.13,2923,4,0,1,0,1,9.87,1
135.82,3554,6,0,0,0,1,12.47,0
16.78,1756,8,0,0,0,0,4.17,0
41.87,1154,9,0,0,0,0,28.44,1
123.43,2057,5,1,0,0,1,38.42,1
38.37,3273,4,0,0,0,0,32.01,1
15.68,3717,7,0,0,0,0,7.07,1
121.72,2752,5,0,0,0,0,12.69,0
183.24,2834,3,0,0,0,0,53.92,0
64.04,2061,4,0,0,0,0,19.61,0
11.42,1298,7,0,0,0,0,33.24,1
125.89,1708,4,0,0,0,0,18.4,0
14.97,2005,2,0,0,0,0,49.5,0
88.05,3267,2,1,0,1,0,18.57,0
30.0,2234,6,0,0,0,1,26.57,1
23.48,3178,4,0,0,0,0,64.16,0
44.8,138,8,0,0,0,1,32.54,1
56.54,3035,4,0,0,0,0,14.12,0
37.35,2043,5,0,0,0,0,43.88,0
113.28,3993,3,0,1,0,1,7.06,0
44.64,1902,3,0,0,0,0,13.58,0
161.12,1929,7,0,0,0,0,7.75,0
85.89,536,6,0,0,0,2,50.44,0
35.59,3233,2,0,0,0,1,41.57,0
30.59,2815,2,0,1,1,1,46.6,1
15.14,3454,3,0,0,0,1,37.01,0
86.63,398,4,0,0,0,0,74.1,0
48.47,870,7,0,1,0,0,36.35,0
7.89,3511,4,0,0,0,0,19.37,0
41.18,197,5,0,0,0,1,14.66,0
29.64,2047,3,0,0,0,0,35.95,0
275.37,1636,3,0,0,1,0,69.9,0
14.4,3759,4,0,0,0,0,9.56,0
18.22,3431,9,0,0,0,0,45.73,0
181.09,3589,3,1,0,0,0,26.56,1
226.12,1177,4,0,0,1,0,62.7,1
34.11,2362,2,0,1,0,0,6.08,0
37.76,2809,2,0,0,1,0,96.33,1
116.12,3870,6,0,0,0,1,26.28,0
8.21,59,6,0,0,0,0,4.84,0
12.49,3908,6,0,0,0,1,9.35,0
51.8,1440,6,0,0,0,0,105.58,0
269.05,539,4,0,1,0,0,45.58,1
45.05,2473,5,0,0,0,0,23.94,0
73.03,3132,7,0,0,0,0,121.91,1
185.01,545,8,0,0,1,1,35.2,1
444.17,191,7,1,0,0,0,60.05,1
39.68,3589,6,0,0,0,1,12.52,0
65.68,3736,4,0,0,0,0,23.16,0
343.73,650,5,0,0,0,0,34.76,0
16.95,3619,5,0,0,0,0,20.86,0
168.14,3641,5,0,0,0,0,73.48,0
26.67,3989,3,0,1,0,0,44.6,0
73.13,889,5,0,1,0,1,9.3,1
53.61,2327,5,0,0,0,1,25.2,1
28.16,3977,5,0,0,0,0,15.0,0
27.53,3613,11,0,0,1,0,45.4,1
85.52,2430,5,0,0,0,1,20.76,0
163.36,812,6,0,0,0,0,4.84,0
59.34,364,6,1,0,0,0,39.99,1
71.03,1058,5,0,0,0,0,19.79,0
111.5,289,6,1,0,0,0,80.98,1
27.81,805,8,0,0,0,1,10.81,0
129.76,327,3,0,0,0,0,15.89,0
139.41,3056,2,0,0,0,0,24.25,0
694.55,2371,4,0,0,0,0,41.68,0
47.54,2086,3,0,0,1,0,64.05,0
44.16,3244,8,0,0,0,0,23.16,0
133.23,1660,5,0,0,0,0,35.58,0
139.38,1629,5,0,0,0,1,6.59,0
41.2,851,10,0,0,0,0,16.08,0
46.39,1795,7,0,0,0,0,21.24,0
108.53,722,3,0,1,0,0,24.19,0
31.66,2369,5,0,0,0,0,49.22,0
46.09,3989,8,1,0,0,0,109.73,1
72.29,2146,5,1,0,0,0,16.92,0
163.42,1217,3,0,0,0,0,45.24,0
38.7,2761,4,0,0,0,3,73.22,0
12.7,3285,6,0,0,0,0,70.69,1
11.88,1902,5,0,0,0,0,13.2,0
21.47,1023,5,0,0,0,0,67.85,0
20.45,2864,7,0,0,0,0,9.73,0
58.02,773,3,0,0,0,2,9.51,0
22.87,3989,3,0,0,0,0,31.84,0
35.43,1291,5,1,0,0,2,21.11,1
33.23,1420,4,0,0,1,0,85.48,0
44.86,2915,4,0,0,0,0,4.63,0
219.26,78,7,0,0,0,0,32.18,1
121.0,835,5,0,0,0,0,60.82,0
67.66,528,7,1,0,0,0,4.16,0
44.04,1582,4,0,0,0,0,22.27,0
45.15,2227,1,1,0,0,0,59.65,0
89.57,743,3,0,0,0,1,29.76,0
112.82,1396,7,0,0,0,0,29.74,0
29.46,3095,3,0,0,0,0,64.19,0
68.91,3761,8,0,0,0,1,42.77,0
10.71,86,9,1,0,0,0,16.29,1
80.68,2520,7,0,1,0,0,95.9,1
132.41,131,4,0,0,0,0,26.25,1
51.83,2095,8,0,0,0,1,9.11,1
342.02,3521,1,0,0,0,0,30.99,0
30.17,3198,7,1,0,1,0,28.17,1
81.1,953,6,0,0,0,0,41.64,0
64.57,1056,2,0,1,0,1,47.08,1
60.93,3140,4,0,0,0,1,7.02,0
60.17,3284,7,0,0,0,0,24.46,0
73.43,1145,3,1,0,0,1,43.0,1
143.05,42,4,0,1,0,1,30.15,1
230.43,1794,4,1,0,0,0,19.59,0
66.55,2490,5,0,0,0,1,52.97,0
138.9,1791,5,0,0,0,0,52.67,0
35.46,3740,6,0,0,0,0,0.06,0
132.87,3259,3,0,0,0,0,35.77,1
33.59,3157,1,0,1,0,0,41.47,0
177.97,110,6,0,0,0,0,24.59,1
487.64,3418,6,0,0,0,1,33.44,0
59.75,3028,5,0,0,1,0,26.21,1
9.27,1605,4,0,0,0,0,40.42,0
40.72,2370,3,1,0,0,0,20.02,0
202.08,3302,5,1,0,0,0,20.68,1
109.7,3627,7,0,1,0,0,26.3,0
83.43,2216,6,0,0,1,0,41.17,1
165.31,194,1,0,0,1,2,45.03,0
103.13,2485,4,0,0,0,0,77.68,0
199.53,2729,4,0,0,0,1,10.25,0
152.55,263,6,0,0,0,0,3.37,1
262.31,3274,7,0,0,0,0,52.72,1
92.1,830,4,0,0,0,0,31.53,0
150.62,3565,8,1,0,0,0,4.31,1
50.58,2217,6,0,0,0,0,25.94,1
38.81,1308,5,1,0,0,0,63.78,1
309.85,263,5,0,0,1,1,20.01,1
81.01,100,7,0,0,0,0,35.51,0
137.61,2973,5,0,0,0,0,16.45,0
74.54,1527,4,1,0,0,0,11.49,0
39.34,3365,5,0,0,0,1,57.11,1
67.35,945,3,0,0,1,0,18.12,0
242.84,3683,5,0,0,0,0,23.77,0
109.92,3768,3,0,0,0,0,30.98,0
14.29,434,4,0,1,0,0,16.18,0
54.94,2598,10,0,0,0,1,140.4,1
331.64,3760,4,0,0,0,0,51.97,0
55.01,1312,6,0,0,0,0,8.17,0
13.19,298,6,1,0,0,1,60.58,1
366.41,3505,4,1,0,0,1,36.32,1
123.24,1912,5,0,0,0,1,39.59,0
62.61,137,4,0,0,0,1,26.67,0
47.74,3365,5,0,0,0,0,23.37,0
176.64,2725,5,0,0,0,0,60.63,1
40.94,309,5,1,0,0,0,11.24,0
187.43,1056,9,1,0,0,1,70.27,1
108.63,102,5,0,0,1,1,32.89,0
83.11,3820,4,1,0,0,0,7.51,1
76.02,129,8,0,0,0,1,5.64,0
56.97,3189,4,1,0,1,0,16.67,1
170.9,2059,2,0,0,0,1,19.11,0
30.61,2343,3,0,0,0,0,5.94,0
15.49,3252,4,0,0,0,0,42.95,0
115.93,3583,7,0,0,0,0,47.95,0
117.7,535,5,0,1,0,0,46.09,0
102.74,100,4,0,0,0,0,56.42,0
96.25,524,4,0,0,0,1,20.5,0
49.97,2739,4,0,0,0,0,38.4,0
135.47,2287,4,0,0,0,0,56.02,0
64.01,363,5,0,0,0,0,43.34,0
43.02,960,4,0,0,0,0,35.75,0
50.37,2162,6,0,0,0,2,72.11,1
410.99,2928,5,0,0,0,0,22.26,1
13.99,1393,5,0,0,0,0,22.13,1
104.57,3800,7,1,0,0,0,32.87,1
14.71,3969,8,1,0,0,0,32.75,1
60.5,3071,6,0,0,0,1,31.77,0
45.14,1833,5,0,0,0,0,6.47,0
10.21,3512,4,1,0,0,1,61.38,1
94.65,2919,5,1,1,0,0,38.32,0
47.37,2092,7,0,1,0,1,1.52,1
10.08,1791,3,0,0,0,0,3.98,0
141.97,3334,4,0,0,0,0,71.66,0
242.62,2241,1,0,0,0,0,18.8,0
254.96,756,4,0,0,0,0,31.04,0
92.12,3999,8,0,0,0,1,12.0,0
69.51,301,4,0,0,0,0,146.81,1
220.38,2789,3,1,0,0,3,27.5,1
303.12,2634,6,0,1,0,2,19.58,1
184.97,2357,10,0,0,0,0,58.23,0
28.58,236,4,0,0,0,0,10.2,0
79.93,1985,5,0,0,0,0,63.94,1
99.04,3573,3,0,0,0,0,25.35,0
13.08,980,7,1,0,0,0,50.18,1
101.74,2775,4,0,0,0,0,36.3,0
515.79,3439,5,0,0,0,0,24.0,0
118.62,3810,4,0,0,0,0,6.42,0
251.16,2079,4,0,0,0,0,32.59,0
78.62,1276,3,1,0,0,0,14.57,0
62.43,2807,4,1,0,0,0,31.86,1
93.99,1960,4,0,0,0,0,54.47,0
32.0,2519,3,1,0,0,0,43.32,0
28.01,2974,6,0,0,0,0,1.03,0
208.44,2849,6,0,0,0,1,22.1,0
229.32,993,5,0,0,0,1,17.11,0
27.33,3030,3,0,1,0,2,19.01,0
159.37,2181,7,0,0,0,0,34.28,1
61.67,3725,5,1,0,0,0,19.88,0
90.54,2648,5,1,0,0,0,14.36,0
100.91,3570,9,0,0,1,0,8.65,1
163.19,3915,2,1,0,0,1,21.2,0
71.84,3978,3,0,0,0,0,51.58,0
237.26,2986,8,0,0,0,1,53.45,0
88.1,2401,5,0,0,0,0,36.82,0
116.95,498,4,0,0,1,0,3.05,0
31.5,1562,6,0,0,0,0,34.15,1
465.35,1917,3,0,0,0,0,77.58,0
101.78,3128,6,0,1,0,0,9.46,0
126.68,2367,7,0,0,0,0,20.46,0
15.68,1773,8,0,0,1,0,51.94,0
31.8,612,5,0,0,1,0,3.62,0
203.18,2871,6,0,1,0,0,20.84,0
86.33,1744,3,0,0,0,0,89.69,0
11.91,173,5,0,0,0,0,82.92,1
169.77,1157,3,1,0,0,1,83.35,1
40.88,3521,4,1,0,0,0,21.11,0
237.5,501,6,0,0,0,0,71.16,0
61.62,1642,4,1,0,0,0,35.13,1
80.18,2062,6,0,0,0,2,13.85,1
192.69,362,3,1,0,0,0,17.64,0
29.73,687,6,0,1,0,0,40.82,0
27.29,3762,4,0,0,0,1,3.18,0
55.88,2374,5,0,0,0,0,26.06,0
140.39,865,4,0,0,0,1,32.26,0
20.13,703,5,0,0,0,1,46.56,1
14.86,1720,3,0,0,0,2,4.66,0
139.96,2902,5,0,0,0,0,26.33,0
38.76,2929,3,1,0,0,0,56.74,0
46.85,805,7,0,0,0,0,106.01,1
12.54,2910,2,0,0,0,0,13.86,0
36.19,3588,11,0,0,1,2,70.86,1
66.23,928,5,1,0,0,0,54.49,0
154.06,134,8,0,0,0,0,78.99,0
33.31,3836,5,0,0,0,0,3.47,0
296.38,2102,4,0,0,0,0,48.7,1
36.01,3112,5,0,1,0,0,69.7,0
36.06,1300,3,0,0,0,0,29.14,0
266.03,1217,4,0,0,0,0,22.82,1
80.67,923,6,0,0,0,0,32.55,0
40.58,891,7,0,0,0,0,65.84,1
58.0,1902,7,0,0,0,0,14.55,0
225.38,449,4,0,0,0,0,13.56,0
249.53,3372,3,1,0,0,1,2.07,0
31.97,2059,9,0,0,0,0,26.82,0
64.19,3663,1,0,0,1,0,7.62,0
72.32,2023,8,0,0,1,0,27.26,1
27.45,1233,7,0,0,0,0,12.0,1
63.43,2074,3,0,0,0,0,18.34,0
67.01,642,5,1,0,0,1,21.02,1
186.08,3301,5,0,0,0,0,33.67,0
197.69,2888,5,0,0,0,0,35.79,0
49.59,614,6,0,0,0,1,24.1,1
55.01,2340,8,0,0,0,2,20.02,1
121.25,2165,6,0,0,0,0,18.12,0
39.38,828,3,0,0,1,0,5.54,0
113.27,514,5,0,1,1,3,65.91,1
61.61,3048,5,0,0,0,0,13.88,0
27.87,1078,6,0,0,0,0,29.94,0
28.19,2090,3,1,1,0,0,9.01,0
245.27,1013,4,0,0,0,0,47.87,1
57.93,2623,5,0,0,0,0,30.62,0
291.87,224,4,0,0,0,0,37.92,1
42.0,1456,4,0,0,0,0,8.66,0
86.67,2201,3,0,0,0,0,39.35,0
574.45,1773,8,0,0,0,0,3.61,0
25.75,2461,8,0,0,0,0,16.39,1
12.09,745,5,0,0,0,0,9.88,0
212.29,1783,7,0,0,0,0,30.25,0
31.69,3033,5,0,0,0,1,69.11,1
65.46,1354,5,0,0,0,0,44.3,0
39.36,653,4,0,0,0,0,79.36,1
84.89,3395,7,0,0,0,0,31.28,0
28.35,3119,4,0,1,0,0,48.59,0
56.72,2731,4,0,0,1,1,59.82,1
99.97,3198,7,0,0,0,1,59.33,1
26.91,3121,5,0,0,0,0,8.22,0
35.51,2994,7,1,0,0,1,13.59,1
48.78,2052,2,0,1,0,0,54.99,0
18.43,107,5,0,0,1,0,79.99,1
45.59,2400,2,1,0,0,0,12.73,0
74.21,1114,7,0,0,0,0,14.5,0
46.54,3099,4,0,0,0,0,43.93,0
52.24,1889,7,0,0,0,0,20.02,0
65.5,3623,4,0,0,0,0,57.46,0
36.96,2394,10,0,0,1,1,46.78,1
124.21,2215,5,0,0,1,1,63.18,1
242.83,3679,10,0,1,0,0,22.62,0
43.91,1916,4,0,0,0,0,19.07,0
103.2,1521,4,0,0,0,0,14.74,0
53.75,1504,4,0,0,0,0,78.65,1
92.66,3503,6,0,0,0,0,8.65,0
272.93,3032,7,0,0,0,0,7.6,1
105.4,678,10,0,0,0,0,32.02,0
13.52,1985,4,0,0,0,0,18.78,0
100.34,1503,10,0,1,0,0,60.17,1
202.26,2597,7,1,0,1,0,6.95,0
54.63,237,4,0,1,0,0,24.64,0
163.38,2865,4,0,1,0,0,4.38,1
35.83,2977,5,1,0,0,0,21.48,0
17.51,929,8,0,1,0,2,31.44,1
75.72,628,2,0,0,0,0,27.6,0
13.72,2521,4,0,0,1,1,26.11,0
53.74,1050,4,1,0,1,0,47.1,0
212.33,3768,9,0,0,0,0,12.06,0
11.96,3107,4,0,0,0,0,38.53,0
21.08,3821,5,0,0,0,0,25.33,0
26.34,2152,5,0,0,0,1,21.79,0
62.99,3755,5,0,0,0,0,41.74,0
47.98,85,4,1,0,1,0,33.38,0
234.91,1181,4,0,0,0,0,40.36,0
157.42,38,3,0,1,0,2,102.06,1
104.14,2719,5,0,0,0,0,25.12,0
76.03,2057,6,1,0,0,1,7.89,0
95.0,1172,7,0,1,0,0,12.39,1
30.7,1240,9,0,0,0,0,78.17,0
144.24,2585,5,0,0,0,0,21.08,0
24.51,745,6,0,0,1,0,46.89,1
141.43,2072,3,0,1,0,1,27.53,0
193.94,2465,5,0,0,0,0,10.41,0
80.62,982,4,0,0,0,0,33.08,0
56.91,936,8,0,0,0,0,15.52,1
95.61,1436,2,0,0,0,0,17.34,0
5.08,2381,5,1,0,0,0,27.67,1
87.53,1039,5,0,0,0,0,5.35,0
60.22,1535,5,1,0,0,0,46.09,0
63.72,2187,4,0,1,1,0,19.14,1
125.95,771,6,1,0,1,2,50.77,0
62.35,2288,4,0,0,0,0,49.4,1
23.9,578,7,1,1,0,0,24.34,1
58.72,595,7,0,0,0,0,31.46,1
70.87,970,6,0,0,0,1,38.84,1
73.95,1167,10,0,0,0,0,20.98,0
77.15,148,2,0,0,0,0,4.03,0
169.94,3847,8,0,0,0,1,32.88,1
25.09,1253,6,0,0,0,0,59.6,0
78.11,3224,4,0,0,0,1,15.02,0
212.92,3610,2,1,0,1,0,52.8,0
14.0,3208,5,0,0,0,1,9.13,0
78.39,3330,2,0,1,0,0,22.99,0
39.38,427,4,0,0,0,0,25.95,0
47.77,1506,2,0,0,0,0,28.15,0
29.54,2992,7,0,0,0,0,13.03,0
57.25,2316,5,0,0,0,0,9.26,0
349.72,52,4,1,0,0,0,23.73,0
21.37,2282,2,1,0,0,0,42.63,1
23.27,3223,4,0,0,1,0,14.81,0
20.66,3320,7,0,0,0,1,25.39,0
315.66,1554,3,1,0,0,0,102.11,1
43.99,968,7,0,0,0,0,34.93,0
65.17,1258,4,0,0,0,0,23.64,0
46.41,1206,6,0,0,0,0,27.3,0
28.5,1405,7,0,0,0,0,89.09,0
53.97,1228,4,0,0,0,0,43.68,0
609.37,1845,4,0,0,1,0,15.56,0
233.43,192,4,1,0,0,1,46.55,1
30.95,1122,3,1,0,0,0,11.2,1
119.44,1279,7,0,1,0,1,30.67,1
31.55,638,8,0,1,0,0,66.85,1
13.48,3515,5,1,0,0,0,30.91,1
166.93,2711,6,0,0,0,0,10.4,0
189.44,3650,4,0,0,0,0,28.7,0
170.96,2259,3,0,0,1,1,66.5,0
43.69,465,2,0,0,0,0,14.58,0
57.39,3621,3,1,0,0,0,46.04,0
130.95,1848,7,0,0,0,0,69.02,1
94.85,2747,4,0,1,0,1,38.22,1
46.79,1543,6,0,0,0,1,29.61,0
15.53,1992,6,0,0,0,0,15.7,0
73.88,1972,6,0,1,0,0,17.47,0
176.11,1160,6,0,0,0,0,23.46,1
22.7,2232,1,0,0,0,0,46.86,0
118.5,2942,2,0,0,0,0,118.75,0
89.87,110,2,1,0,0,0,14.73,0
130.99,549,3,1,0,1,0,42.55,1
146.17,3373,5,1,0,0,1,58.19,1
35.69,2291,2,0,0,1,2,29.24,0
15.56,3895,5,0,0,0,0,28.3,0
41.26,2430,7,0,1,0,0,6.89,0
148.45,2624,6,0,0,0,1,32.88,1
40.94,3599,4,0,1,1,1,27.3,0
35.71,2651,6,0,0,0,1,21.55,0
12.95,1338,5,0,0,0,0,37.0,0
322.91,2126,2,0,0,0,0,12.1,0
140.21,965,4,0,0,0,0,14.36,0
133.34,1357,5,0,1,0,0,33.41,0
159.33,2730,1,0,1,0,1,78.08,1
112.06,621,5,0,0,0,1,24.98,1
53.52,2697,4,0,0,0,0,29.31,1
57.55,2348,6,1,0,0,0,28.56,0
45.39,1254,7,0,0,0,0,11.62,0
714.27,208,5,1,0,0,0,22.56,0
109.98,2827,4,0,0,0,0,32.24,0
43.93,3303,3,1,0,0,0,31.71,1
101.39,2928,8,0,0,0,0,39.17,0
26.85,1701,5,1,1,0,0,11.16,0
258.28,2624,5,1,0,0,0,16.86,0
36.78,1676,4,0,0,0,0,5.35,0
104.69,1452,9,0,0,0,0,70.42,0
174.06,1328,7,0,0,0,0,20.12,0
94.28,867,4,0,0,0,1,34.69,0
72.6,3878,2,1,0,0,0,28.03,0
67.34,2674,5,1,0,0,1,2.09,0
63.38,724,6,0,1,0,1,9.26,1
39.68,3464,8,0,0,0,1,27.1,0
44.5,630,8,0,0,0,0,42.14,1
252.56,2386,4,0,0,0,0,39.78,1
60.48,687,4,0,0,0,0,8.02,0
32.88,1464,4,0,0,0,0,11.57,0
41.9,2644,4,1,0,0,0,37.27,1
179.53,3996,7,0,0,0,0,39.53,1
122.49,3967,6,0,0,0,1,7.55,0
110.42,3585,5,0,0,0,0,37.12,1
52.89,964,7,0,0,0,0,26.95,1
111.72,401,3,0,1,0,0,23.17,0
37.37,3625,8,0,0,0,0,79.68,0
52.79,3694,6,0,0,0,0,25.01,0
159.62,1136,5,1,1,0,1,18.09,1
146.47,106,4,0,0,0,0,48.98,1
27.56,2602,2,0,0,0,0,47.55,0
30.88,332,1,0,0,0,0,67.84,1
73.54,190,4,0,0,0,0,45.36,0
315.3,3750,2,0,0,0,0,44.1,0
11.89,1997,3,0,0,0,0,28.67,0
85.67,474,4,0,0,0,0,111.85,0
19.33,2628,3,1,1,0,1,12.15,1
37.68,1495,10,0,0,0,0,40.34,1
48.04,2159,1,0,0,0,0,10.96,0
45.67,3598,6,0,1,0,1,28.62,1
41.25,974,5,0,0,0,0,27.99,0
67.12,2596,5,0,0,0,0,28.57,0
41.19,3319,5,0,0,0,0,4.86,0
17.88,1712,4,1,0,0,1,20.05,1
134.54,3881,5,0,0,0,0,125.52,0
131.31,1809,4,0,0,0,0,31.07,0
142.43,1853,7,0,0,0,0,56.31,0
16.67,3540,4,0,0,0,1,37.07,0
87.27,2554,6,1,0,0,1,103.54,1
122.53,3478,8,0,0,1,2,37.37,1
26.36,3167,7,1,0,0,1,31.2,1
67.24,2858,4,0,0,0,0,8.72,0
60.06,988,3,0,0,0,0,9.11,0
350.0,1613,5,0,0,0,0,17.39,0
376.93,3461,6,0,0,0,2,24.41,0
14.91,2475,5,0,0,0,1,10.03,0
629.25,1142,7,0,0,1,0,30.97,1
29.26,1329,6,0,0,0,1,30.11,0
161.19,3110,6,0,0,0,1,86.5,0
159.72,737,7,0,0,0,0,94.95,0
27.22,475,4,0,1,0,0,49.04,0
103.95,3067,4,0,0,0,0,50.03,0
60.53,1174,3,0,0,0,0,62.86,0
109.83,3068,6,0,0,0,0,37.57,0
82.07,2148,5,0,0,0,0,65.21,1
195.72,3991,4,0,0,0,1,7.94,0
71.37,2113,4,0,1,1,0,53.89,1
57.34,3473,5,0,0,1,0,10.57,0
178.83,3406,7,0,1,0,0,12.0,1
112.43,871,4,0,0,0,0,62.33,0
128.85,3984,1,0,1,0,0,15.9,0
36.67,2990,5,0,0,0,0,12.39,0
26.03,455,4,1,0,0,1,39.51,1
40.01,53,9,0,0,0,0,14.5,0
38.14,1107,5,0,0,0,1,12.4,0
135.31,94,4,1,0,0,0,7.02,0
160.51,1449,2,0,0,0,0,19.44,0
58.0,3985,7,0,0,0,0,48.69,0
241.73,1931,6,0,0,0,1,53.89,0
228.52,124,6,0,0,0,1,23.43,0
83.02,1990,8,0,0,0,1,85.3,1
31.83,899,4,0,0,0,1,41.15,0
275.29,3429,5,0,0,0,0,63.17,1
63.12,389,6,0,0,0,0,17.61,0
74.71,3089,7,1,0,0,1,21.91,1
49.12,1800,6,0,0,0,0,24.58,0
29.94,104,4,1,0,1,2,21.67,1
17.78,2702,3,0,0,0,0,2.45,0
117.87,1836,2,1,0,0,0,29.76,0
32.95,3093,4,0,0,0,1,37.13,0
1046.89,2483,2,1,0,0,1,35.38,1
25.09,3155,6,1,0,0,1,91.76,1
21.51,1857,5,0,0,1,0,96.65,0
105.54,61,5,0,0,0,2,4.93,0
264.11,548,9,0,1,0,0,74.48,1
70.68,1851,4,0,0,1,0,88.24,1
111.61,1607,4,0,0,0,1,3.22,0
12.69,3183,6,0,0,1,0,47.32,1
36.24,1664,2,0,0,0,0,30.38,0
25.37,3444,5,0,0,0,0,85.19,0
12.12,775,5,1,0,0,0,81.44,1
74.09,1557,8,0,0,0,0,158.46,1
8.86,3032,5,1,0,1,1,48.59,1
20.29,522,6,0,0,0,0,42.44,0
41.12,1305,6,0,0,0,0,14.44,0
31.56,3014,4,0,0,0,0,19.03,0
95.28,2368,4,1,0,0,1,43.95,1
87.8,3118,7,0,0,0,0,18.26,0
149.07,2077,3,0,0,0,1,30.22,0
131.26,3440,2,0,0,0,1,5.79,0
186.18,3513,3,0,0,0,1,31.91,0
66.57,3898,5,0,0,0,0,3.8,0
87.63,514,2,0,0,0,0,61.65,0
105.67,2377,4,0,0,0,0,33.23,0
75.75,483,5,1,0,0,0,17.02,0
46.64,938,8,0,0,0,0,25.73,0
49.44,1222,8,0,0,0,0,18.45,1
31.95,2595,5,0,0,1,0,13.64,1
97.46,1741,4,1,1,0,0,20.66,0
61.28,3463,4,0,0,0,1,20.79,0
36.71,1215,5,0,0,0,0,23.66,0
36.74,2480,2,0,0,0,1,2.17,0
22.44,3059,9,1,1,0,0,65.03,1
160.93,3921,7,0,0,0,1,65.94,1
71.58,1003,6,0,0,0,0,28.28,0
30.68,2942,4,0,1,0,1,99.8,1
138.06,366,5,0,0,0,0,21.96,0
40.27,2187,9,0,0,0,0,31.29,1
18.81,1672,7,0,0,0,1,42.0,0
167.18,3835,4,0,1,0,0,30.61,0
41.12,3100,5,0,0,0,0,17.1,0
46.15,3711,5,0,0,1,0,29.53,0
69.2,3406,5,0,0,0,0,7.88,0
186.48,1660,4,0,1,0,1,13.7,1
67.9,2941,2,0,0,0,2,56.32,0
22.66,150,4,0,0,1,1,139.89,1
108.8,2244,5,0,0,0,0,16.56,0
43.1,217,4,0,0,0,0,24.82,0
364.72,2905,2,0,0,0,0,23.63,0
66.62,3867,5,1,0,0,0,34.85,0
8.92,2735,3,0,0,0,1,61.31,1
91.99,3364,3,0,0,0,0,32.32,0
383.81,960,5,1,0,0,0,8.31,0
275.43,3975,7,0,0,0,0,17.78,1
346.49,2216,10,0,0,0,2,38.54,1
26.63,2707,4,0,0,0,0,21.46,0
151.55,3089,7,0,0,0,1,22.17,1
34.82,2569,4,0,0,0,1,22.68,0
81.6,1288,9,0,0,0,0,27.76,0
21.21,2457,5,0,0,0,0,12.76,0
37.34,2626,5,0,0,0,1,55.59,0
36.28,3433,10,0,1,0,1,8.24,0
149.71,1941,7,0,0,0,2,37.92,0
137.09,2022,7,1,0,0,1,18.72,1
85.55,2027,8,0,0,0,2,30.47,0
19.78,484,7,0,0,0,0,72.71,0
50.38,387,5,0,1,0,0,71.59,0
34.07,111,5,0,0,0,2,60.24,1
145.87,2674,4,0,0,0,1,81.61,0
192.55,1692,7,0,1,0,0,125.32,0
172.56,3466,4,0,0,0,2,55.72,1
33.79,2817,4,0,0,0,2,41.99,0
5.67,591,4,0,0,0,1,12.92,0
13.6,427,1,0,0,0,0,47.33,0
239.72,1483,5,0,0,0,0,31.76,0
46.47,3686,4,0,0,0,0,93.01,0
33.93,223,5,0,1,0,0,52.32,1
292.48,773,2,0,0,1,0,10.37,0
208.23,147,4,0,0,0,0,36.93,0
68.17,1672,2,0,0,0,0,57.12,0
51.21,3958,6,1,0,0,0,31.3,0
59.21,2744,6,0,0,0,0,122.98,1
81.81,1989,4,0,0,0,0,50.85,0
281.47,603,3,0,0,0,0,13.32,1
97.54,1441,10,0,0,0,0,12.42,1
128.18,2112,4,0,0,1,1,15.21,1
191.01,1121,6,0,1,0,0,19.62,1
23.27,2829,4,0,0,1,2,30.14,0
131.55,3920,5,0,0,0,0,38.94,0
51.16,847,2,0,0,1,0,72.76,1
6.93,1031,8,1,0,0,0,55.94,0
9.82,531,10,0,0,0,1,22.71,1
26.67,2911,5,0,0,0,1,22.87,0
107.57,1863,3,0,0,0,1,53.83,0
73.88,1156,2,0,0,0,0,19.47,0
78.72,900,2,0,1,0,0,44.29,1
386.0,309,7,0,0,0,0,7.17,0
21.28,1920,10,0,0,0,0,40.21,0
65.06,2742,6,0,0,0,1,36.27,0
87.71,963,4,0,0,0,0,19.7,0
34.38,36,6,0,0,0,0,9.3,0
68.41,1909,4,0,0,0,0,7.92,0
15.8,2712,5,0,0,0,0,34.33,0
237.2,1399,8,0,0,0,0,38.66,1
36.11,1023,6,0,0,0,1,4.14,0
414.99,642,5,0,0,0,1,3.97,0
64.77,2992,9,0,0,1,0,11.23,0
168.22,3450,6,0,0,0,0,12.74,0
63.56,3085,6,1,0,0,0,15.93,0
64.87,2087,2,0,0,0,0,34.48,0
39.42,2904,4,0,0,0,0,60.48,0
74.23,1605,6,0,0,1,0,61.15,0
88.78,127,7,0,0,1,2,47.74,1
32.92,1489,4,0,0,0,0,59.25,0
59.59,2823,2,0,0,0,0,13.25,0
38.51,2599,6,0,0,0,0,46.85,0
528.32,3960,4,0,0,0,0,51.37,1
61.51,3990,7,1,0,0,0,6.29,0
267.93,993,7,0,0,1,1,73.37,1
55.92,67,7,0,0,0,2,53.07,0
84.21,1118,3,0,0,0,0,17.75,0
20.3,3508,7,0,0,0,0,5.04,0
44.6,3259,5,0,0,0,0,33.82,0
80.6,422,5,0,0,0,0,22.64,0
277.94,666,1,0,0,0,0,8.97,1
81.43,2267,4,0,0,0,0,29.68,1
231.68,2652,3,1,0,0,0,19.79,1
118.71,3929,7,0,0,0,0,53.37,1
288.49,3027,8,1,0,0,2,3.81,1
63.24,871,3,0,0,0,0,57.28,0
573.18,177,7,0,0,0,0,27.99,0
43.08,2545,3,0,0,0,0,47.21,0
33.45,2228,4,0,0,0,1,77.66,1
22.44,3689,1,0,0,0,0,39.43,0
543.44,2316,4,0,0,0,1,56.62,0
139.42,2019,2,0,0,0,1,7.06,0
49.37,1234,5,0,0,0,0,7.98,0
